Creditability;Account_Balance;Duration_of_Credit_monthly;Payment_Status_of_Previous_Credit;Purpose;Credit_Amount;Value_Savings_Stocks;Length_of_current_employment;Instalment_per_cent;Sex_Marital_Status;Guarantors;Duration_in_Current_address;Most_valuable_available_asset;Age_years;Concurrent_Credits;Type_of_apartment;No_of_Credits_at_this_Bank;Occupation;No_of_dependents;Telephone;Foreign_Worker;Relative_Credit_Amount
1;2;48;2.0;3.0;3979;5;4;4;2.0;0.0;1;3;41;3;1.0;2;2.0;2;1.0;0.0;1989.5
1;4;21;4.0;2.0;2288;1;2;4;1.0;0.0;4;2;23;3;1.0;1;2.0;1;1.0;0.0;572.0
1;4;24;3.0;8.0;3863;1;3;1;2.0;0.0;2;4;32;3;2.0;1;2.0;1;0.0;0.0;965.75
1;2;16;4.0;0.0;1175;1;1;2;2.0;0.0;3;3;68;3;2.0;3;0.0;1;1.0;0.0;587.5
0;2;18;4.0;3.0;1245;1;3;4;3.0;0.0;2;3;33;3;1.0;1;2.0;1;0.0;0.0;622.5
0;4;12;4.0;3.0;797;5;5;4;1.0;0.0;3;2;33;3;1.0;1;1.0;2;0.0;0.0;199.25
1;4;24;3.0;0.0;717;5;5;4;3.0;0.0;4;3;54;3;1.0;2;2.0;1;1.0;0.0;179.25
0;1;36;2.0;2.0;3446;1;5;4;2.0;0.0;2;3;42;3;1.0;1;2.0;2;0.0;0.0;3446.0
0;1;16;4.0;0.0;2625;1;5;2;2.0;2.0;4;2;43;3;0.0;1;2.0;1;1.0;1.0;2625.0
1;4;6;4.0;0.0;362;2;3;4;1.0;0.0;4;3;52;3;1.0;2;1.0;1;0.0;0.0;90.5
1;1;30;0.0;2.0;4583;1;3;2;0.0;2.0;2;1;32;3;1.0;2;2.0;1;0.0;0.0;4583.0
1;4;4;4.0;3.0;1503;1;4;2;2.0;0.0;1;1;42;3;1.0;2;1.0;2;0.0;0.0;375.75
0;1;24;2.0;2.0;2359;2;1;1;0.0;0.0;1;2;33;3;1.0;1;2.0;1;0.0;0.0;2359.0
1;2;30;4.0;0.0;2181;5;5;4;2.0;0.0;4;1;36;3;1.0;2;2.0;1;0.0;0.0;1090.5
1;4;36;2.0;1.0;4686;1;3;2;2.0;0.0;2;4;32;3;2.0;1;3.0;1;1.0;0.0;1171.5
1;2;24;4.0;6.0;5743;1;2;2;1.0;0.0;4;4;24;3;2.0;2;2.0;1;1.0;0.0;2871.5
1;4;21;2.0;8.0;1572;4;5;4;1.0;0.0;4;1;36;1;1.0;1;1.0;1;0.0;0.0;393.0
1;4;48;4.0;8.0;7629;5;5;4;0.0;0.0;2;3;46;1;1.0;2;3.0;2;0.0;0.0;1907.25
1;4;36;4.0;1.0;11054;5;3;4;2.0;0.0;2;3;30;3;1.0;1;3.0;1;1.0;0.0;2763.5
1;1;24;1.0;2.0;2483;3;3;4;2.0;0.0;4;1;22;2;1.0;1;2.0;1;1.0;0.0;2483.0
1;4;15;2.0;3.0;1979;5;5;4;2.0;0.0;2;3;35;3;1.0;1;2.0;1;0.0;0.0;494.75
1;4;12;2.0;8.0;1542;1;4;2;2.0;0.0;4;3;36;3;1.0;1;2.0;1;1.0;0.0;385.5
1;3;24;2.0;2.0;3749;1;2;2;1.0;0.0;4;3;26;3;1.0;1;2.0;1;0.0;0.0;1249.6666666666667
1;4;6;2.0;7.0;1238;5;1;4;2.0;0.0;4;2;36;3;1.0;1;3.0;2;1.0;0.0;309.5
0;1;6;4.0;2.0;3384;1;3;1;0.0;0.0;4;1;44;3;0.0;1;3.0;1;1.0;0.0;3384.0
1;4;12;4.0;3.0;1240;5;5;4;1.0;0.0;2;1;38;3;1.0;2;2.0;1;1.0;0.0;310.0
1;4;18;4.0;1.0;3229;5;1;2;2.0;0.0;4;4;38;3;1.0;1;3.0;1;1.0;0.0;807.25
1;4;12;4.0;8.0;1185;1;3;3;1.0;0.0;2;1;27;3;1.0;2;2.0;1;0.0;0.0;296.25
1;1;42;4.0;5.0;3394;1;1;4;2.0;1.0;4;3;65;3;1.0;2;0.0;1;0.0;0.0;3394.0
1;4;18;2.0;3.0;1453;1;2;3;1.0;0.0;1;1;26;3;1.0;1;2.0;1;0.0;0.0;363.25
1;1;30;2.0;2.0;3622;4;5;4;1.0;0.0;4;2;57;3;0.0;2;2.0;1;1.0;0.0;3622.0
1;4;48;4.0;1.0;2751;5;5;4;2.0;0.0;3;3;38;3;1.0;2;2.0;2;1.0;0.0;687.75
1;4;21;3.0;1.0;2993;1;3;3;2.0;0.0;2;1;28;2;1.0;2;1.0;1;0.0;0.0;748.25
1;1;12;2.0;2.0;2578;1;1;3;1.0;0.0;4;4;55;3;2.0;1;3.0;1;0.0;0.0;2578.0
1;1;18;4.0;2.0;1049;1;2;4;1.0;0.0;4;2;21;3;0.0;1;2.0;1;0.0;0.0;1049.0
1;4;24;1.0;8.0;1559;1;4;4;2.0;0.0;4;3;40;1;1.0;1;2.0;1;1.0;0.0;389.75
1;3;24;4.0;2.0;3617;5;5;4;2.0;1.0;4;4;20;3;0.0;2;2.0;1;0.0;0.0;1205.6666666666667
1;3;10;4.0;3.0;1347;5;4;4;2.0;0.0;2;2;27;3;1.0;2;2.0;1;1.0;0.0;449.0
0;4;18;2.0;3.0;433;1;1;3;1.0;1.0;4;1;22;3;0.0;1;2.0;1;0.0;0.0;108.25
1;3;12;2.0;3.0;1881;1;3;2;1.0;0.0;2;3;44;3;0.0;1;1.0;1;1.0;0.0;627.0
1;4;24;2.0;3.0;3105;5;2;4;2.0;0.0;2;3;25;3;1.0;2;2.0;1;0.0;0.0;776.25
1;4;18;2.0;3.0;4594;1;2;3;2.0;0.0;2;3;32;3;1.0;1;2.0;1;1.0;0.0;1148.5
1;3;12;2.0;3.0;1297;1;3;3;3.0;0.0;4;1;23;3;0.0;1;2.0;1;0.0;0.0;432.3333333333333
1;4;24;4.0;3.0;5103;1;2;3;3.0;0.0;3;4;47;3;2.0;3;2.0;1;1.0;0.0;1275.75
1;4;24;2.0;2.0;5511;2;3;4;2.0;0.0;1;3;25;2;1.0;1;2.0;1;0.0;0.0;1377.75
1;4;12;2.0;3.0;776;1;3;4;3.0;0.0;2;1;28;3;1.0;1;2.0;1;0.0;0.0;194.0
1;4;12;2.0;0.0;1101;1;3;3;3.0;0.0;2;1;27;3;1.0;2;2.0;1;1.0;0.0;275.25
0;1;18;2.0;2.0;4153;1;3;2;2.0;1.0;3;3;42;3;1.0;1;2.0;1;0.0;0.0;4153.0
1;2;12;4.0;0.0;1995;2;2;4;2.0;0.0;1;3;27;3;1.0;1;2.0;1;0.0;0.0;997.5
0;2;36;3.0;0.0;8086;2;5;2;2.0;0.0;4;3;42;2;1.0;4;3.0;1;1.0;0.0;4043.0
1;4;18;4.0;0.0;1055;1;2;4;1.0;0.0;1;2;30;3;1.0;2;2.0;1;0.0;0.0;263.75
1;4;24;2.0;1.0;2670;1;5;4;2.0;0.0;4;3;35;3;1.0;1;3.0;1;1.0;0.0;667.5
0;2;18;2.0;1.0;12976;1;1;3;1.0;0.0;4;4;38;3;2.0;1;3.0;1;1.0;0.0;6488.0
1;4;24;3.0;0.0;2032;1;5;4;2.0;0.0;4;4;60;3;2.0;2;2.0;1;1.0;0.0;508.0
1;4;15;2.0;2.0;2221;3;3;2;1.0;0.0;4;3;20;3;0.0;1;2.0;1;0.0;0.0;555.25
1;4;18;2.0;2.0;2515;1;3;3;2.0;0.0;4;1;43;3;1.0;1;2.0;1;1.0;0.0;628.75
1;1;12;1.0;7.0;339;1;5;4;3.0;0.0;1;3;45;1;1.0;1;1.0;1;0.0;0.0;339.0
1;4;15;4.0;3.0;1829;1;5;4;2.0;0.0;4;3;46;3;1.0;2;2.0;1;1.0;0.0;457.25
1;4;10;2.0;0.0;1418;2;3;3;2.0;0.0;2;1;35;3;0.0;1;1.0;1;0.0;1.0;354.5
1;4;36;2.0;3.0;2394;5;3;4;1.0;0.0;4;3;25;3;1.0;1;2.0;1;0.0;0.0;598.5
1;4;12;2.0;0.0;2133;5;5;4;1.0;0.0;4;4;52;3;2.0;1;3.0;1;1.0;0.0;533.25
0;1;24;1.0;3.0;1546;1;4;4;2.0;2.0;4;3;24;1;0.0;1;1.0;1;0.0;0.0;1546.0
1;4;6;2.0;2.0;1543;4;3;4;0.0;0.0;2;1;33;3;1.0;1;2.0;1;0.0;0.0;385.75
0;2;12;2.0;3.0;766;3;3;4;2.0;0.0;3;1;66;3;1.0;1;1.0;1;0.0;0.0;383.0
1;3;15;2.0;6.0;392;1;2;4;1.0;0.0;4;2;23;3;0.0;1;2.0;1;1.0;0.0;130.66666666666666
1;4;15;2.0;0.0;3556;5;3;3;2.0;0.0;2;4;29;3;1.0;1;2.0;1;0.0;0.0;889.0
0;1;36;2.0;0.0;9271;1;4;2;2.0;0.0;1;3;24;3;1.0;1;2.0;1;1.0;0.0;9271.0
1;4;24;2.0;0.0;2255;5;2;4;2.0;0.0;1;2;54;3;1.0;1;2.0;1;0.0;0.0;563.75
1;3;10;2.0;4.0;1225;1;3;2;2.0;0.0;2;3;37;3;1.0;1;2.0;1;1.0;0.0;408.3333333333333
0;2;24;4.0;8.0;1935;1;5;4;0.0;0.0;4;1;31;3;1.0;2;2.0;1;1.0;0.0;967.5
1;4;6;4.0;3.0;1382;1;3;1;1.0;0.0;1;3;28;3;1.0;2;2.0;1;1.0;0.0;345.5
1;4;15;2.0;4.0;1262;3;4;4;2.0;0.0;3;2;36;3;1.0;2;2.0;1;1.0;0.0;315.5
1;4;36;2.0;3.0;3835;5;5;2;1.0;0.0;4;1;45;3;1.0;1;1.0;1;1.0;0.0;958.75
1;4;24;2.0;3.0;1552;1;4;3;2.0;0.0;1;3;32;1;1.0;1;2.0;2;0.0;0.0;388.0
1;1;8;4.0;0.0;3398;1;4;1;2.0;0.0;4;1;39;3;1.0;2;1.0;1;0.0;1.0;3398.0
1;4;6;2.0;2.0;1766;1;3;1;3.0;0.0;2;2;21;3;0.0;1;2.0;1;0.0;0.0;441.5
1;4;12;4.0;6.0;2748;1;5;2;1.0;0.0;4;4;57;1;2.0;3;1.0;1;0.0;0.0;687.0
1;4;24;2.0;2.0;929;5;4;4;2.0;0.0;2;3;31;2;1.0;1;2.0;1;1.0;0.0;232.25
0;1;24;3.0;0.0;4870;1;3;3;2.0;0.0;4;4;53;3;2.0;2;2.0;2;0.0;0.0;4870.0
0;1;18;2.0;3.0;3190;1;3;2;1.0;0.0;2;1;24;3;1.0;1;2.0;1;0.0;0.0;3190.0
1;4;4;2.0;2.0;601;1;2;1;1.0;0.0;3;1;23;3;0.0;1;1.0;2;0.0;0.0;150.25
1;4;21;2.0;1.0;2476;5;5;4;2.0;0.0;4;1;46;3;1.0;1;3.0;1;1.0;0.0;619.0
0;1;24;1.0;2.0;6872;1;2;2;0.0;0.0;1;2;55;1;1.0;1;2.0;1;1.0;0.0;6872.0
0;2;12;2.0;0.0;685;1;4;2;3.0;0.0;3;3;25;1;1.0;1;1.0;1;0.0;0.0;342.5
1;1;18;1.0;3.0;1940;1;2;3;2.0;1.0;4;4;36;1;2.0;1;3.0;1;1.0;0.0;1940.0
0;1;27;0.0;8.0;5293;1;1;2;2.0;0.0;4;2;50;3;1.0;2;2.0;1;1.0;0.0;5293.0
1;4;24;2.0;0.0;1249;1;2;4;3.0;0.0;2;1;28;3;1.0;1;2.0;1;0.0;0.0;312.25
1;3;6;2.0;2.0;2116;1;3;2;2.0;0.0;2;1;41;3;1.0;1;2.0;1;1.0;0.0;705.3333333333334
0;1;18;2.0;6.0;750;1;1;4;1.0;0.0;1;1;27;3;1.0;1;0.0;1;0.0;0.0;750.0
0;1;36;3.0;8.0;2145;1;4;2;2.0;0.0;1;3;24;3;1.0;2;2.0;1;1.0;0.0;2145.0
1;4;36;2.0;8.0;5742;2;4;2;2.0;0.0;2;3;31;3;1.0;2;2.0;1;1.0;0.0;1435.5
1;1;24;2.0;9.0;1755;1;5;4;1.0;2.0;4;1;58;3;1.0;1;1.0;1;1.0;0.0;1755.0
1;3;12;3.0;0.0;2247;1;3;2;1.0;0.0;2;3;36;2;1.0;2;2.0;1;1.0;0.0;749.0
1;4;24;2.0;3.0;1533;1;2;4;1.0;0.0;3;3;38;2;1.0;1;2.0;1;1.0;0.0;383.25
1;1;18;2.0;3.0;3509;1;4;4;1.0;2.0;1;1;25;3;1.0;1;2.0;1;0.0;0.0;3509.0
1;4;12;4.0;3.0;1655;1;5;2;2.0;0.0;4;1;63;3;1.0;2;1.0;1;1.0;0.0;413.75
1;2;48;2.0;9.0;5381;5;1;3;2.0;0.0;4;4;40;1;2.0;1;0.0;1;1.0;0.0;2690.5
1;1;39;4.0;2.0;14179;5;4;4;2.0;0.0;4;2;30;3;1.0;2;3.0;1;1.0;0.0;14179.0
0;1;12;0.0;0.0;1082;1;3;4;2.0;0.0;4;3;48;1;1.0;2;2.0;1;0.0;0.0;1082.0
0;4;21;4.0;0.0;12680;5;5;4;2.0;0.0;4;4;30;3;2.0;1;3.0;1;1.0;0.0;3170.0
1;1;6;4.0;0.0;4716;5;2;1;2.0;0.0;3;1;44;3;1.0;2;1.0;2;0.0;0.0;4716.0
1;4;15;2.0;0.0;5324;3;5;1;1.0;0.0;4;4;35;3;2.0;1;2.0;1;0.0;0.0;1331.0
1;2;18;0.0;2.0;3244;1;3;1;1.0;0.0;4;3;33;1;1.0;2;2.0;1;1.0;0.0;1622.0
1;4;24;4.0;1.0;2197;5;4;4;2.0;0.0;4;3;43;3;1.0;2;2.0;2;1.0;0.0;549.25
0;1;30;2.0;2.0;3108;1;2;2;0.0;0.0;4;2;31;3;1.0;1;1.0;1;0.0;0.0;3108.0
1;4;12;2.0;2.0;1768;1;3;3;2.0;0.0;2;1;24;3;0.0;1;1.0;1;0.0;0.0;442.0
0;1;24;1.0;8.0;3161;1;3;4;2.0;0.0;2;2;31;1;0.0;1;2.0;1;1.0;0.0;3161.0
1;4;10;2.0;1.0;2848;2;3;1;2.0;1.0;2;1;32;3;1.0;1;2.0;2;0.0;0.0;712.0
1;3;36;2.0;3.0;3919;1;3;2;2.0;0.0;2;1;23;3;1.0;1;2.0;1;1.0;0.0;1306.3333333333333
1;4;24;4.0;1.0;6842;5;3;2;2.0;0.0;4;2;46;3;1.0;2;3.0;2;1.0;0.0;1710.5
1;2;24;3.0;8.0;6967;2;4;4;2.0;0.0;4;3;36;3;0.0;1;3.0;1;1.0;0.0;3483.5
0;1;24;1.0;2.0;3552;1;4;3;2.0;0.0;4;3;27;1;1.0;1;2.0;1;0.0;0.0;3552.0
0;1;24;3.0;3.0;1024;1;2;4;3.0;0.0;4;1;48;2;1.0;1;2.0;1;0.0;0.0;1024.0
1;4;12;2.0;3.0;1493;1;2;4;1.0;0.0;3;3;34;3;1.0;1;2.0;2;0.0;0.0;373.25
0;1;12;2.0;0.0;759;1;4;4;2.0;0.0;2;1;26;3;1.0;1;2.0;1;0.0;0.0;759.0
1;4;24;2.0;0.0;3757;1;5;4;1.0;1.0;4;4;62;3;2.0;1;2.0;1;1.0;0.0;939.25
1;2;20;3.0;1.0;7057;5;4;3;2.0;0.0;4;2;36;1;0.0;2;3.0;2;1.0;0.0;3528.5
0;4;36;3.0;8.0;7980;5;2;4;2.0;0.0;4;3;27;3;0.0;2;2.0;1;1.0;0.0;1995.0
0;4;24;2.0;3.0;5943;5;2;1;1.0;0.0;1;3;44;3;1.0;2;2.0;1;1.0;0.0;1485.75
1;4;12;2.0;3.0;886;5;3;4;1.0;0.0;2;3;21;3;1.0;1;2.0;1;0.0;0.0;221.5
1;2;36;4.0;3.0;2337;1;5;4;2.0;0.0;4;1;36;3;1.0;1;2.0;1;0.0;0.0;1168.5
1;4;36;0.0;5.0;2613;1;3;4;2.0;0.0;2;3;27;3;1.0;2;2.0;1;0.0;0.0;653.25
1;4;12;4.0;2.0;5801;5;5;2;2.0;0.0;4;2;49;3;0.0;1;2.0;1;1.0;1.0;1450.25
1;4;12;4.0;2.0;1935;1;5;4;2.0;0.0;4;1;43;3;1.0;3;2.0;1;1.0;0.0;483.75
1;2;18;4.0;8.0;1887;5;3;4;3.0;0.0;4;1;28;1;1.0;2;2.0;1;0.0;0.0;943.5
1;2;12;0.0;7.0;1410;1;3;2;2.0;0.0;2;1;31;3;1.0;1;1.0;1;1.0;0.0;705.0
1;3;15;4.0;1.0;2360;3;3;2;2.0;0.0;2;3;36;3;1.0;1;2.0;1;1.0;0.0;786.6666666666666
1;4;24;2.0;1.0;2679;1;2;4;1.0;0.0;1;4;29;3;1.0;1;3.0;1;1.0;0.0;669.75
1;1;20;4.0;2.0;4272;1;5;1;1.0;0.0;4;2;24;3;1.0;2;2.0;1;0.0;0.0;4272.0
1;4;6;2.0;5.0;660;3;4;2;3.0;0.0;4;1;23;3;0.0;1;1.0;1;0.0;0.0;165.0
1;4;6;2.0;0.0;672;1;1;1;1.0;0.0;4;1;54;3;1.0;1;0.0;1;1.0;0.0;168.0
1;4;12;4.0;0.0;1255;1;5;4;2.0;0.0;4;1;61;3;1.0;2;1.0;1;0.0;0.0;313.75
1;4;6;2.0;3.0;1346;2;5;2;2.0;0.0;4;4;42;1;2.0;1;2.0;2;1.0;0.0;336.5
1;2;20;3.0;9.0;2629;1;3;2;2.0;0.0;3;3;29;1;1.0;2;2.0;1;1.0;0.0;1314.5
1;1;24;2.0;3.0;3660;1;3;2;1.0;0.0;4;3;28;3;1.0;1;2.0;1;0.0;0.0;3660.0
1;1;6;4.0;3.0;1957;1;4;1;1.0;0.0;4;3;31;3;1.0;1;2.0;1;0.0;0.0;1957.0
1;1;30;0.0;8.0;8072;5;2;2;2.0;0.0;3;3;25;1;1.0;3;2.0;1;0.0;0.0;8072.0
1;1;15;2.0;0.0;1403;1;3;2;1.0;0.0;4;3;28;3;0.0;1;2.0;1;0.0;0.0;1403.0
0;3;9;0.0;3.0;1337;1;2;4;2.0;0.0;2;3;34;3;1.0;2;3.0;1;1.0;0.0;445.6666666666667
1;1;12;2.0;0.0;1893;1;3;4;1.0;2.0;4;2;29;3;1.0;1;2.0;1;1.0;0.0;1893.0
1;4;27;3.0;1.0;8613;4;3;2;2.0;0.0;2;3;27;3;1.0;2;2.0;1;0.0;0.0;2153.25
1;2;26;2.0;1.0;7966;1;2;2;2.0;0.0;3;3;30;3;1.0;2;2.0;1;0.0;0.0;3983.0
0;4;48;2.0;8.0;4844;1;1;3;2.0;0.0;2;3;33;3;0.0;1;3.0;1;1.0;0.0;1211.0
1;4;24;4.0;3.0;2424;5;5;4;2.0;0.0;4;2;53;3;1.0;2;2.0;1;0.0;0.0;606.0
1;2;8;2.0;8.0;907;1;2;3;3.0;0.0;2;1;26;3;1.0;1;2.0;1;1.0;0.0;453.5
0;4;24;2.0;3.0;3621;2;5;2;2.0;0.0;4;3;31;3;1.0;2;2.0;1;0.0;0.0;905.25
1;1;36;2.0;2.0;3959;1;1;4;2.0;0.0;3;2;30;3;1.0;1;3.0;1;1.0;0.0;3959.0
1;4;24;4.0;8.0;4139;2;3;3;2.0;0.0;3;2;27;3;1.0;2;1.0;1;1.0;0.0;1034.75
1;2;12;2.0;3.0;1092;1;3;4;1.0;2.0;4;1;49;3;1.0;2;2.0;1;1.0;0.0;546.0
1;2;8;2.0;3.0;760;1;4;4;1.0;2.0;2;1;44;3;1.0;1;1.0;1;0.0;0.0;380.0
1;1;24;2.0;1.0;2910;1;4;2;2.0;0.0;1;4;34;3;2.0;1;3.0;1;1.0;0.0;2910.0
0;4;36;3.0;8.0;9572;1;2;1;0.0;0.0;1;3;28;3;1.0;2;2.0;1;0.0;0.0;2393.0
1;4;15;4.0;3.0;1471;1;3;4;2.0;0.0;4;4;35;3;2.0;2;2.0;1;1.0;0.0;367.75
1;4;15;4.0;2.0;3343;1;3;4;2.0;0.0;2;4;28;3;2.0;1;2.0;1;1.0;0.0;835.75
1;2;15;2.0;5.0;2631;2;3;3;1.0;0.0;2;1;25;3;1.0;1;1.0;1;0.0;0.0;1315.5
1;1;36;2.0;0.0;3249;1;4;2;2.0;0.0;4;4;39;1;2.0;1;3.0;2;1.0;0.0;3249.0
0;2;48;2.0;0.0;6560;2;4;3;2.0;0.0;2;2;24;3;1.0;1;2.0;1;0.0;0.0;3280.0
1;2;7;2.0;3.0;2415;1;3;3;2.0;2.0;2;1;34;3;1.0;1;2.0;1;0.0;0.0;1207.5
1;1;27;2.0;3.0;3416;1;3;3;2.0;0.0;2;3;27;3;1.0;1;3.0;1;0.0;0.0;3416.0
1;4;12;4.0;3.0;976;5;5;4;2.0;0.0;4;3;35;3;1.0;2;2.0;1;0.0;0.0;244.0
1;3;12;2.0;3.0;3399;5;5;2;2.0;0.0;3;3;37;3;1.0;1;3.0;1;0.0;0.0;1133.0
1;4;12;2.0;2.0;763;1;3;4;1.0;0.0;1;1;26;3;1.0;1;2.0;1;1.0;0.0;190.75
1;1;30;2.0;3.0;2522;1;5;1;2.0;2.0;3;2;39;3;1.0;1;2.0;2;0.0;0.0;2522.0
0;2;12;2.0;3.0;1331;1;2;2;2.0;0.0;1;3;22;3;1.0;1;2.0;1;0.0;0.0;665.5
1;4;15;2.0;1.0;3029;1;4;2;2.0;0.0;2;3;33;3;1.0;1;2.0;1;0.0;0.0;757.25
1;4;24;4.0;3.0;1851;1;4;4;3.0;2.0;2;3;33;3;1.0;2;2.0;1;1.0;0.0;462.75
1;2;21;2.0;2.0;3976;5;4;2;2.0;0.0;3;3;35;3;1.0;1;2.0;1;1.0;0.0;1988.0
1;4;24;4.0;1.0;5804;4;3;4;2.0;0.0;2;1;27;3;1.0;2;2.0;1;0.0;0.0;1451.0
1;4;36;4.0;3.0;9566;1;3;2;1.0;0.0;2;3;31;2;1.0;2;2.0;1;0.0;0.0;2391.5
1;2;18;2.0;8.0;1941;4;3;4;2.0;0.0;2;2;35;3;1.0;1;1.0;1;1.0;0.0;970.5
1;4;42;2.0;3.0;7166;5;4;2;3.0;0.0;4;2;29;3;0.0;1;2.0;1;1.0;0.0;1791.5
1;2;30;0.0;8.0;4221;1;3;2;1.0;0.0;1;3;28;3;1.0;2;2.0;1;0.0;0.0;2110.5
0;2;18;4.0;0.0;1056;1;5;3;2.0;2.0;3;1;30;3;1.0;2;2.0;1;0.0;0.0;528.0
1;2;24;3.0;0.0;1965;5;3;4;1.0;0.0;4;3;42;3;0.0;2;2.0;1;1.0;0.0;982.5
1;1;9;4.0;5.0;1288;2;5;3;2.0;2.0;4;1;48;3;1.0;2;2.0;2;0.0;1.0;1288.0
0;1;18;2.0;0.0;976;1;2;1;1.0;0.0;2;3;23;3;1.0;1;1.0;1;0.0;0.0;976.0
0;1;12;1.0;0.0;697;1;2;4;2.0;0.0;2;3;46;1;1.0;2;2.0;1;1.0;0.0;697.0
0;1;12;2.0;0.0;1372;1;4;2;0.0;0.0;3;3;36;3;1.0;1;2.0;1;0.0;0.0;1372.0
1;1;15;4.0;2.0;975;1;3;2;0.0;0.0;3;2;25;3;1.0;2;2.0;1;0.0;0.0;975.0
0;1;24;1.0;0.0;1193;1;1;1;1.0;1.0;4;4;29;3;0.0;2;0.0;1;0.0;0.0;1193.0
1;1;12;2.0;2.0;2577;1;3;2;0.0;0.0;1;3;42;3;1.0;1;2.0;1;0.0;0.0;2577.0
1;2;18;4.0;2.0;6361;1;5;2;2.0;0.0;1;4;41;3;1.0;1;2.0;1;1.0;0.0;3180.5
1;1;30;4.0;1.0;6187;2;4;1;3.0;0.0;4;3;24;3;0.0;2;2.0;1;0.0;0.0;6187.0
1;2;24;3.0;3.0;6403;1;2;1;2.0;0.0;2;3;33;3;1.0;1;2.0;1;0.0;0.0;3201.5
1;1;18;4.0;3.0;1880;1;4;4;3.0;0.0;1;2;32;3;1.0;2;3.0;1;1.0;0.0;1880.0
1;2;24;4.0;8.0;2825;5;4;4;2.0;0.0;3;4;34;3;1.0;2;2.0;2;1.0;0.0;1412.5
1;4;18;4.0;0.0;1028;1;3;4;1.0;0.0;3;1;36;3;1.0;2;2.0;1;0.0;0.0;257.0
1;4;18;4.0;3.0;6070;1;5;3;2.0;0.0;4;3;33;3;1.0;2;2.0;1;1.0;0.0;1517.5
1;4;24;4.0;8.0;4526;1;3;3;2.0;0.0;2;1;74;3;1.0;1;3.0;1;1.0;0.0;1131.5
1;4;24;4.0;1.0;4042;5;4;3;2.0;0.0;4;2;43;3;1.0;2;2.0;1;1.0;0.0;1010.5
0;2;30;4.0;0.0;5234;1;1;4;3.0;0.0;2;3;28;3;1.0;2;3.0;1;0.0;0.0;2617.0
1;1;21;4.0;0.0;571;1;5;4;2.0;0.0;4;1;65;3;1.0;2;2.0;1;0.0;0.0;571.0
0;1;24;4.0;0.0;1199;1;5;4;2.0;0.0;4;3;60;3;1.0;2;1.0;1;0.0;0.0;1199.0
1;4;24;4.0;2.0;3777;4;3;4;2.0;0.0;4;1;40;3;1.0;1;2.0;1;1.0;0.0;944.25
1;2;39;3.0;6.0;11760;2;4;2;2.0;0.0;3;4;32;3;0.0;1;2.0;1;1.0;0.0;5880.0
1;4;18;2.0;8.0;1950;1;4;4;2.0;0.0;1;3;34;2;1.0;2;2.0;1;1.0;0.0;487.5
1;4;12;4.0;3.0;618;1;5;4;2.0;0.0;4;1;56;3;1.0;1;2.0;1;0.0;0.0;154.5
1;4;11;4.0;3.0;1154;2;1;4;1.0;0.0;4;1;57;3;1.0;3;1.0;1;0.0;0.0;288.5
0;1;48;2.0;4.0;3051;1;3;3;2.0;0.0;4;3;54;3;1.0;1;2.0;1;0.0;0.0;3051.0
0;1;48;2.0;0.0;7763;1;5;4;2.0;0.0;4;4;42;1;2.0;1;3.0;1;0.0;0.0;7763.0
1;2;10;1.0;3.0;1048;1;3;4;2.0;0.0;4;1;23;2;1.0;1;1.0;1;0.0;0.0;524.0
1;2;12;4.0;1.0;1804;2;2;3;2.0;0.0;4;2;44;3;1.0;1;2.0;1;0.0;0.0;902.0
1;2;9;2.0;3.0;1206;1;5;4;1.0;0.0;4;1;25;3;1.0;1;2.0;1;0.0;0.0;603.0
0;1;12;4.0;0.0;691;1;5;4;2.0;0.0;3;2;35;3;1.0;2;2.0;1;0.0;0.0;691.0
0;1;12;2.0;6.0;795;1;2;4;1.0;0.0;4;2;53;3;1.0;1;2.0;1;0.0;0.0;795.0
0;4;18;2.0;0.0;6761;5;3;2;2.0;0.0;4;3;68;2;0.0;2;2.0;1;0.0;0.0;1690.25
1;1;12;2.0;3.0;2214;1;3;4;2.0;0.0;3;2;24;3;1.0;1;1.0;1;0.0;0.0;2214.0
1;2;9;2.0;0.0;276;1;3;4;3.0;0.0;4;1;22;3;0.0;1;1.0;1;0.0;0.0;138.0
0;2;21;2.0;8.0;2767;2;5;4;0.0;0.0;2;3;61;3;0.0;2;1.0;1;0.0;0.0;1383.5
0;1;9;2.0;0.0;654;1;3;4;2.0;0.0;3;3;28;3;1.0;1;1.0;1;0.0;0.0;654.0
1;4;10;4.0;2.0;2146;1;2;1;1.0;0.0;3;1;23;3;0.0;2;2.0;1;0.0;0.0;536.5
1;4;7;4.0;3.0;730;5;5;4;2.0;0.0;2;2;46;3;0.0;2;1.0;1;1.0;0.0;182.5
1;1;24;2.0;2.0;1747;1;2;4;2.0;1.0;1;2;24;3;1.0;1;1.0;1;0.0;1.0;1747.0
1;1;6;2.0;3.0;2647;3;3;2;2.0;0.0;3;1;44;3;0.0;1;2.0;2;0.0;0.0;2647.0
1;4;10;2.0;0.0;1546;1;3;3;2.0;0.0;2;1;31;3;1.0;1;1.0;2;0.0;1.0;386.5
0;2;30;2.0;0.0;2150;1;3;4;1.0;2.0;2;4;24;1;1.0;1;2.0;1;0.0;0.0;1075.0
1;4;24;3.0;1.0;4679;1;4;3;2.0;0.0;3;3;35;3;1.0;2;1.0;1;1.0;0.0;1169.75
1;4;48;3.0;3.0;12749;3;4;4;2.0;0.0;1;3;37;3;1.0;1;3.0;1;1.0;0.0;3187.25
0;1;18;2.0;3.0;1882;1;3;4;1.0;0.0;4;3;25;1;0.0;2;2.0;1;0.0;0.0;1882.0
0;2;36;2.0;5.0;2384;1;2;4;2.0;0.0;1;4;33;3;0.0;1;1.0;1;0.0;0.0;1192.0
1;1;24;2.0;1.0;2924;1;3;3;2.0;2.0;4;4;63;1;1.0;1;2.0;2;1.0;0.0;2924.0
1;2;7;2.0;3.0;2329;1;2;1;1.0;2.0;1;1;45;3;1.0;1;2.0;1;0.0;0.0;1164.5
0;1;48;2.0;8.0;4308;1;2;3;1.0;0.0;4;2;24;3;0.0;1;2.0;1;0.0;0.0;4308.0
1;4;30;4.0;3.0;3077;5;5;3;2.0;0.0;2;3;40;3;1.0;2;2.0;2;1.0;0.0;769.25
0;4;12;3.0;5.0;1555;4;5;4;2.0;0.0;4;4;55;3;2.0;2;2.0;2;0.0;0.0;388.75
1;4;12;4.0;6.0;2096;1;4;2;2.0;0.0;3;1;49;3;1.0;1;1.0;2;0.0;0.0;524.0
0;3;36;2.0;3.0;4210;1;3;4;2.0;0.0;2;3;26;3;1.0;1;2.0;1;0.0;0.0;1403.3333333333333
1;1;24;2.0;2.0;7721;5;2;1;1.0;0.0;2;2;30;3;1.0;1;2.0;1;1.0;1.0;7721.0
1;1;15;4.0;2.0;1433;1;3;4;1.0;0.0;3;2;25;3;0.0;2;2.0;1;0.0;0.0;1433.0
1;1;9;2.0;3.0;1364;1;4;3;2.0;0.0;4;1;59;3;1.0;1;2.0;1;0.0;0.0;1364.0
1;4;24;2.0;1.0;5433;5;1;2;1.0;0.0;4;2;26;3;0.0;1;3.0;1;1.0;0.0;1358.25
1;2;12;2.0;3.0;1567;1;3;1;1.0;0.0;1;3;22;3;1.0;1;2.0;1;1.0;0.0;783.5
1;1;12;4.0;1.0;1526;1;5;4;2.0;0.0;4;4;66;3;2.0;2;3.0;1;0.0;0.0;1526.0
1;1;21;2.0;3.0;3357;4;2;4;1.0;0.0;2;3;29;1;1.0;1;2.0;1;0.0;0.0;3357.0
0;2;24;4.0;9.0;11938;1;3;2;2.0;1.0;3;3;39;3;1.0;2;3.0;2;1.0;0.0;5969.0
1;4;12;4.0;8.0;1264;5;5;4;2.0;0.0;4;4;57;3;0.0;1;1.0;1;0.0;0.0;316.0
1;2;24;2.0;0.0;3512;2;4;2;2.0;0.0;3;3;38;1;1.0;2;2.0;1;1.0;0.0;1756.0
1;2;9;2.0;2.0;2030;5;4;2;2.0;0.0;1;3;24;3;1.0;1;2.0;1;1.0;0.0;1015.0
1;2;42;1.0;1.0;9283;1;1;1;2.0;0.0;2;4;55;1;2.0;1;3.0;1;1.0;0.0;4641.5
1;4;6;4.0;3.0;700;5;5;4;2.0;0.0;4;4;36;3;2.0;2;2.0;1;0.0;0.0;175.0
1;2;36;2.0;6.0;2273;1;4;3;2.0;0.0;1;3;32;3;1.0;2;2.0;2;0.0;0.0;1136.5
1;4;36;3.0;2.0;7678;3;4;2;1.0;0.0;4;3;40;3;1.0;2;2.0;1;1.0;0.0;1919.5
1;4;21;2.0;2.0;2241;1;5;4;2.0;0.0;2;1;50;3;1.0;2;2.0;1;0.0;0.0;560.25
1;2;18;4.0;2.0;3612;1;5;3;1.0;0.0;4;2;37;3;1.0;1;2.0;1;1.0;1.0;1806.0
1;4;24;2.0;1.0;2603;4;3;2;1.0;0.0;4;3;28;3;0.0;1;2.0;1;1.0;0.0;650.75
0;2;36;2.0;0.0;12389;5;3;1;2.0;0.0;4;4;37;1;2.0;1;2.0;1;1.0;0.0;6194.5
1;2;24;4.0;0.0;3878;2;2;4;0.0;0.0;2;3;37;3;1.0;1;2.0;1;1.0;0.0;1939.0
0;2;6;3.0;0.0;1209;1;1;4;2.0;0.0;4;2;47;3;1.0;1;3.0;1;1.0;0.0;604.5
1;1;8;4.0;9.0;1164;1;5;3;2.0;0.0;4;4;51;1;2.0;2;3.0;2;1.0;0.0;1164.0
1;4;15;2.0;4.0;874;5;2;4;1.0;0.0;1;1;24;3;1.0;1;2.0;1;0.0;0.0;218.5
1;2;9;4.0;2.0;1919;1;4;4;2.0;0.0;3;3;35;3;0.0;1;2.0;1;1.0;0.0;959.5
1;4;15;2.0;2.0;2186;5;4;1;1.0;0.0;4;1;33;1;0.0;1;1.0;1;0.0;0.0;546.5
1;4;15;3.0;1.0;3594;1;2;1;1.0;0.0;2;2;46;3;1.0;2;1.0;1;0.0;0.0;898.5
1;1;15;2.0;3.0;1053;1;2;4;3.0;0.0;2;1;27;3;1.0;1;2.0;1;0.0;1.0;1053.0
0;4;18;4.0;0.0;2775;1;4;2;2.0;0.0;2;2;31;1;1.0;2;2.0;1;0.0;0.0;693.75
0;1;42;3.0;3.0;4370;1;4;3;2.0;0.0;2;2;26;1;1.0;2;2.0;2;1.0;0.0;4370.0
1;1;24;2.0;2.0;3021;1;3;2;0.0;0.0;2;1;24;3;0.0;1;1.0;1;0.0;0.0;3021.0
1;4;12;4.0;2.0;1258;1;2;2;1.0;0.0;4;2;22;3;0.0;2;1.0;1;0.0;0.0;314.5
1;4;24;2.0;8.0;1258;1;4;4;2.0;0.0;1;1;25;3;1.0;1;2.0;1;1.0;0.0;314.5
1;4;12;4.0;6.0;701;1;3;4;2.0;0.0;2;3;32;3;1.0;2;2.0;1;0.0;0.0;175.25
1;4;33;4.0;1.0;7253;1;4;3;2.0;0.0;2;3;35;3;1.0;2;3.0;1;1.0;0.0;1813.25
0;1;30;2.0;2.0;6350;5;5;4;2.0;0.0;4;2;31;3;1.0;1;2.0;1;0.0;0.0;6350.0
0;4;6;2.0;2.0;4611;1;2;1;1.0;0.0;4;2;32;3;1.0;1;2.0;1;0.0;0.0;1152.75
1;2;9;2.0;3.0;1082;1;5;4;2.0;0.0;4;3;37;3;1.0;2;1.0;1;0.0;0.0;541.0
1;4;9;2.0;2.0;1313;1;5;1;2.0;0.0;4;3;20;3;1.0;1;2.0;1;0.0;0.0;328.25
1;4;15;2.0;3.0;1386;5;3;4;3.0;0.0;2;1;40;3;0.0;1;2.0;1;1.0;0.0;346.5
1;3;6;4.0;0.0;1323;2;5;2;0.0;0.0;4;3;28;3;1.0;2;2.0;2;1.0;0.0;441.0
0;3;9;2.0;3.0;745;1;3;3;1.0;0.0;2;1;28;3;1.0;1;1.0;1;0.0;0.0;248.33333333333337
1;1;24;1.0;1.0;3632;1;3;1;1.0;2.0;4;3;22;1;0.0;1;2.0;1;0.0;1.0;3632.0
0;4;24;3.0;8.0;8648;1;2;2;2.0;0.0;2;3;27;1;1.0;2;2.0;1;1.0;0.0;2162.0
1;2;24;4.0;3.0;1743;1;5;4;2.0;0.0;2;2;48;3;1.0;2;1.0;1;0.0;0.0;871.5
1;4;15;2.0;3.0;1213;3;5;4;2.0;0.0;3;2;47;2;1.0;1;2.0;1;1.0;0.0;303.25
0;2;6;1.0;0.0;931;2;2;1;1.0;0.0;1;2;32;2;1.0;1;1.0;1;0.0;0.0;465.5
1;4;12;2.0;0.0;640;1;3;4;0.0;0.0;2;1;49;3;1.0;1;1.0;1;0.0;0.0;160.0
0;1;12;4.0;0.0;3499;1;3;3;1.0;1.0;2;1;29;3;1.0;2;2.0;1;0.0;0.0;3499.0
0;1;12;2.0;7.0;902;1;4;4;3.0;0.0;4;2;21;3;0.0;1;2.0;1;0.0;0.0;902.0
1;2;24;2.0;3.0;5084;5;5;2;1.0;0.0;4;3;42;3;1.0;1;2.0;1;1.0;0.0;2542.0
1;4;18;2.0;2.0;1984;1;3;4;2.0;0.0;4;4;47;1;2.0;2;2.0;1;0.0;0.0;496.0
1;2;12;2.0;0.0;6078;1;4;2;2.0;0.0;2;3;32;3;1.0;1;2.0;1;0.0;0.0;3039.0
1;1;6;4.0;2.0;1872;1;1;4;2.0;0.0;4;4;36;3;2.0;3;3.0;1;1.0;0.0;1872.0
1;4;10;2.0;0.0;1597;3;3;3;2.0;0.0;2;4;40;3;0.0;1;1.0;2;0.0;1.0;399.25
1;4;11;4.0;0.0;7228;1;3;1;2.0;0.0;4;2;39;3;1.0;2;1.0;1;0.0;0.0;1807.0
0;1;6;1.0;6.0;1198;1;5;4;1.0;0.0;4;4;35;3;2.0;1;2.0;1;0.0;0.0;1198.0
0;2;15;0.0;0.0;1778;1;2;2;1.0;0.0;1;1;26;3;0.0;2;0.0;1;0.0;0.0;889.0
0;1;24;2.0;2.0;3345;1;5;4;2.0;0.0;2;2;39;3;0.0;1;3.0;1;1.0;0.0;3345.0
1;2;9;2.0;8.0;1391;1;3;2;3.0;0.0;1;1;27;1;1.0;1;2.0;1;1.0;0.0;695.5
1;4;4;4.0;0.0;1455;1;4;2;2.0;0.0;1;1;42;3;1.0;3;1.0;2;0.0;0.0;363.75
1;4;24;2.0;1.0;9277;5;3;2;0.0;0.0;4;4;48;3;2.0;1;2.0;1;1.0;0.0;2319.25
1;4;18;2.0;1.0;3378;5;3;2;2.0;0.0;1;2;31;3;1.0;1;2.0;1;1.0;0.0;844.5
1;4;24;2.0;3.0;3235;3;5;3;0.0;0.0;2;3;36;3;1.0;1;3.0;1;1.0;0.0;808.75
1;4;24;2.0;1.0;3488;2;4;3;1.0;0.0;4;3;23;3;1.0;1;2.0;1;0.0;0.0;872.0
0;2;12;2.0;5.0;639;1;3;4;2.0;0.0;2;3;30;3;1.0;1;2.0;1;0.0;0.0;319.5
1;2;13;4.0;3.0;882;1;2;4;2.0;2.0;4;1;23;3;1.0;2;2.0;1;0.0;0.0;441.0
0;2;6;2.0;0.0;14555;5;1;1;2.0;0.0;2;2;23;3;1.0;1;0.0;1;1.0;0.0;7277.5
0;1;42;2.0;3.0;3965;1;2;4;2.0;0.0;3;3;34;3;1.0;1;2.0;1;0.0;0.0;3965.0
1;2;12;2.0;3.0;1158;3;3;3;0.0;0.0;1;3;26;3;1.0;1;2.0;1;1.0;0.0;579.0
1;4;9;2.0;3.0;2697;1;3;1;2.0;0.0;2;1;32;3;1.0;1;2.0;2;0.0;0.0;674.25
1;1;6;2.0;0.0;1374;5;1;4;1.0;0.0;3;2;75;3;1.0;1;3.0;1;1.0;0.0;1374.0
1;4;48;2.0;3.0;10222;5;4;4;2.0;0.0;3;3;37;2;1.0;1;2.0;1;1.0;0.0;2555.5
1;4;30;4.0;1.0;7596;5;5;1;2.0;0.0;4;3;63;3;1.0;2;2.0;1;0.0;0.0;1899.0
1;2;18;2.0;3.0;3213;3;2;1;3.0;0.0;3;1;25;3;0.0;1;2.0;1;0.0;0.0;1606.5
1;4;6;2.0;2.0;2978;3;3;1;2.0;0.0;2;3;32;3;1.0;1;2.0;1;1.0;0.0;744.5
1;4;11;2.0;8.0;2142;4;5;1;0.0;0.0;2;1;28;3;1.0;1;2.0;1;1.0;0.0;535.5
1;3;15;2.0;8.0;2687;1;4;2;2.0;0.0;4;2;26;3;0.0;1;2.0;1;1.0;0.0;895.6666666666666
1;2;6;2.0;3.0;753;1;3;2;1.0;2.0;3;1;64;3;1.0;1;2.0;1;0.0;0.0;376.5
0;2;15;2.0;3.0;802;1;5;4;2.0;0.0;3;3;37;3;1.0;1;2.0;2;0.0;0.0;401.0
1;4;24;2.0;3.0;1901;2;3;4;2.0;0.0;4;3;29;3;0.0;1;3.0;1;1.0;0.0;475.25
1;2;18;2.0;0.0;6260;1;4;3;2.0;0.0;3;1;28;3;0.0;1;1.0;1;0.0;0.0;3130.0
1;1;30;4.0;1.0;10623;1;5;3;2.0;0.0;4;4;38;3;2.0;3;3.0;2;1.0;0.0;10623.0
1;2;6;3.0;2.0;1050;1;1;4;2.0;0.0;1;2;35;2;1.0;2;3.0;1;1.0;1.0;525.0
1;4;9;2.0;4.0;1236;1;2;1;1.0;0.0;4;1;23;3;0.0;1;2.0;1;1.0;0.0;309.0
1;3;24;2.0;3.0;5152;1;4;4;2.0;0.0;2;3;25;1;1.0;1;2.0;1;0.0;0.0;1717.3333333333333
0;2;36;4.0;0.0;2820;1;2;4;0.0;0.0;4;3;27;3;1.0;2;2.0;1;0.0;0.0;1410.0
1;4;36;4.0;8.0;6304;5;5;4;2.0;0.0;4;1;36;3;1.0;2;2.0;1;0.0;0.0;1576.0
1;4;36;3.0;1.0;8947;5;4;3;2.0;0.0;2;3;31;2;1.0;1;3.0;2;1.0;0.0;2236.75
1;4;24;4.0;2.0;1585;1;4;4;2.0;0.0;3;2;40;3;1.0;2;2.0;1;0.0;0.0;396.25
0;1;12;2.0;1.0;3386;1;5;3;2.0;0.0;4;4;35;3;2.0;1;2.0;1;1.0;0.0;3386.0
0;4;36;2.0;6.0;1819;1;3;4;2.0;0.0;4;4;37;2;2.0;1;2.0;1;1.0;0.0;454.75
0;1;48;2.0;3.0;6999;1;4;1;3.0;2.0;1;1;34;3;1.0;2;2.0;1;1.0;0.0;6999.0
0;1;18;2.0;0.0;1216;1;2;4;1.0;0.0;3;3;23;3;0.0;1;2.0;1;1.0;0.0;1216.0
0;1;48;0.0;2.0;7119;1;3;3;2.0;0.0;4;4;53;3;2.0;2;2.0;2;0.0;0.0;7119.0
1;4;30;4.0;3.0;5954;1;4;3;2.0;1.0;2;3;38;3;1.0;1;2.0;1;0.0;0.0;1488.5
0;1;12;1.0;3.0;626;1;3;4;1.0;0.0;4;1;24;1;1.0;1;1.0;1;0.0;0.0;626.0
0;1;12;2.0;0.0;1228;1;3;4;1.0;0.0;2;1;24;3;1.0;1;1.0;1;0.0;0.0;1228.0
1;1;11;4.0;0.0;3939;1;3;1;2.0;0.0;2;1;40;3;1.0;2;1.0;2;0.0;0.0;3939.0
1;4;6;2.0;6.0;1538;1;2;1;1.0;0.0;2;4;56;3;1.0;1;2.0;1;0.0;0.0;384.5
1;4;24;2.0;0.0;1474;2;2;4;3.0;0.0;3;1;33;3;1.0;1;2.0;1;1.0;0.0;368.5
0;2;27;0.0;8.0;8318;1;5;2;1.0;0.0;4;4;42;2;2.0;2;3.0;1;1.0;0.0;4159.0
0;4;48;4.0;0.0;10127;3;3;2;2.0;0.0;2;4;44;3;2.0;1;2.0;1;0.0;0.0;2531.75
1;2;24;2.0;3.0;2896;2;2;2;2.0;0.0;1;3;29;3;1.0;1;2.0;1;0.0;0.0;1448.0
0;2;21;2.0;8.0;1188;1;5;2;1.0;0.0;4;2;39;3;1.0;1;2.0;2;0.0;0.0;594.0
1;4;27;2.0;5.0;5190;5;5;4;2.0;0.0;4;2;48;3;1.0;4;2.0;2;1.0;0.0;1297.5
1;2;21;3.0;0.0;2353;1;3;1;0.0;0.0;4;2;47;3;1.0;2;2.0;1;0.0;0.0;1176.5
0;2;18;2.0;2.0;1924;5;2;4;1.0;0.0;3;1;27;3;0.0;1;2.0;1;0.0;0.0;962.0
0;1;48;2.0;3.0;6758;1;3;3;1.0;0.0;2;3;31;3;1.0;1;2.0;1;1.0;0.0;6758.0
1;4;24;4.0;3.0;1516;4;3;4;1.0;0.0;1;1;43;3;1.0;2;1.0;1;0.0;0.0;379.0
1;1;12;2.0;2.0;652;1;5;4;1.0;0.0;4;2;24;3;0.0;1;2.0;1;0.0;0.0;652.0
0;3;12;1.0;8.0;609;1;2;4;1.0;0.0;1;1;26;1;1.0;1;0.0;1;0.0;0.0;203.0
1;4;6;3.0;3.0;935;1;3;3;1.0;0.0;2;1;24;3;1.0;1;2.0;1;0.0;0.0;233.75
0;3;12;4.0;0.0;939;3;4;4;3.0;0.0;2;1;28;3;1.0;3;2.0;1;1.0;0.0;313.0
1;4;12;2.0;3.0;2279;5;3;4;2.0;0.0;4;4;37;3;2.0;1;2.0;1;1.0;0.0;569.75
1;2;48;1.0;8.0;3566;2;4;4;2.0;0.0;2;3;30;3;1.0;1;2.0;1;0.0;0.0;1783.0
1;4;12;4.0;3.0;1934;1;5;2;2.0;0.0;2;4;26;3;1.0;2;2.0;1;0.0;0.0;483.5
0;2;48;2.0;2.0;9960;1;2;1;1.0;0.0;2;3;26;1;1.0;1;2.0;1;1.0;0.0;4980.0
1;4;21;3.0;2.0;1591;2;4;4;2.0;0.0;3;1;34;3;1.0;2;3.0;1;0.0;0.0;397.75
1;4;12;2.0;6.0;1393;1;5;4;2.0;0.0;4;2;47;1;1.0;3;2.0;2;1.0;0.0;348.25
0;1;18;2.0;3.0;1345;1;3;4;3.0;0.0;3;1;26;3;1.0;1;2.0;1;0.0;0.0;1345.0
0;2;45;2.0;3.0;3031;2;3;4;2.0;2.0;4;2;21;3;0.0;1;2.0;1;0.0;0.0;1515.5
1;1;6;4.0;3.0;1169;5;5;4;2.0;0.0;4;1;67;3;1.0;2;2.0;1;1.0;0.0;1169.0
0;2;18;4.0;2.0;1928;1;2;2;2.0;0.0;2;1;31;3;1.0;2;1.0;1;0.0;0.0;964.0
1;4;12;2.0;3.0;1262;1;3;3;2.0;0.0;2;3;25;3;1.0;1;2.0;1;0.0;0.0;315.5
0;4;18;2.0;2.0;1533;1;2;4;3.0;1.0;1;2;43;3;1.0;1;1.0;2;0.0;0.0;383.25
0;1;40;4.0;6.0;5998;1;3;4;2.0;0.0;3;4;27;1;1.0;1;2.0;1;1.0;0.0;5998.0
1;4;24;4.0;5.0;2058;1;3;4;0.0;0.0;2;1;33;3;1.0;2;2.0;1;1.0;0.0;514.5
0;1;21;1.0;0.0;1647;5;3;4;2.0;0.0;2;2;40;1;1.0;2;1.0;2;0.0;0.0;1647.0
0;2;36;0.0;3.0;3804;1;3;4;1.0;0.0;1;3;42;3;1.0;1;2.0;1;1.0;0.0;1902.0
0;1;42;2.0;3.0;7174;5;4;4;1.0;0.0;3;3;30;3;1.0;1;3.0;1;1.0;0.0;7174.0
0;1;45;2.0;3.0;1845;1;3;4;2.0;0.0;4;4;23;3;2.0;1;2.0;1;1.0;0.0;1845.0
1;4;24;2.0;2.0;3972;1;4;2;1.0;0.0;4;2;25;3;0.0;1;2.0;1;1.0;0.0;993.0
0;1;24;3.0;0.0;1333;1;1;4;2.0;0.0;2;1;43;3;2.0;2;2.0;2;0.0;0.0;1333.0
1;4;48;4.0;1.0;8858;5;4;2;2.0;0.0;1;4;35;3;2.0;2;2.0;1;1.0;0.0;2214.5
0;1;24;2.0;0.0;1285;5;4;4;1.0;0.0;4;4;32;3;0.0;1;2.0;1;0.0;0.0;1285.0
0;1;18;4.0;0.0;3966;1;5;1;1.0;0.0;4;1;33;1;0.0;3;2.0;1;1.0;0.0;3966.0
0;1;15;0.0;0.0;950;1;5;4;2.0;0.0;3;3;33;3;0.0;2;2.0;2;0.0;0.0;950.0
1;1;6;2.0;2.0;428;1;5;2;1.0;0.0;1;2;49;1;1.0;1;2.0;1;1.0;0.0;428.0
1;1;18;2.0;0.0;4380;2;3;3;2.0;0.0;4;3;35;3;1.0;1;1.0;2;1.0;0.0;4380.0
1;3;18;2.0;2.0;3049;1;2;1;1.0;0.0;1;2;45;2;1.0;1;1.0;1;0.0;0.0;1016.3333333333334
1;2;36;3.0;0.0;7432;1;3;2;1.0;0.0;2;2;54;3;0.0;1;2.0;1;0.0;0.0;3716.0
1;2;11;4.0;0.0;1322;4;3;4;1.0;0.0;4;3;40;3;1.0;2;2.0;1;0.0;0.0;661.0
1;1;15;4.0;2.0;1478;1;5;4;2.0;0.0;4;3;44;3;1.0;2;2.0;2;1.0;0.0;1478.0
1;2;36;3.0;0.0;2862;2;5;4;2.0;0.0;3;4;30;3;2.0;1;2.0;1;0.0;0.0;1431.0
1;1;18;4.0;0.0;5302;1;5;2;2.0;0.0;4;4;36;3;2.0;3;3.0;1;1.0;0.0;5302.0
0;2;30;4.0;2.0;8386;1;4;2;2.0;0.0;2;2;49;3;1.0;1;2.0;1;0.0;0.0;4193.0
1;2;18;2.0;3.0;1113;1;3;4;1.0;2.0;4;1;26;3;1.0;1;1.0;2;0.0;0.0;556.5
1;4;24;2.0;2.0;3062;3;5;4;2.0;0.0;3;4;32;3;0.0;1;2.0;1;1.0;0.0;765.5
1;4;12;4.0;3.0;2331;5;5;1;2.0;1.0;4;1;49;3;1.0;1;2.0;1;1.0;0.0;582.75
1;4;12;2.0;3.0;2171;1;2;2;1.0;0.0;2;3;29;1;1.0;1;2.0;1;0.0;0.0;542.75
1;4;24;2.0;3.0;3181;1;2;4;1.0;0.0;4;2;26;3;1.0;1;2.0;1;1.0;0.0;795.25
0;2;15;1.0;0.0;6850;2;1;1;2.0;0.0;2;2;34;2;1.0;1;3.0;2;1.0;0.0;3425.0
1;2;15;2.0;3.0;1444;5;2;4;2.0;0.0;1;2;23;3;1.0;1;2.0;1;0.0;0.0;722.0
1;2;7;2.0;3.0;2576;1;3;2;2.0;2.0;2;1;35;3;1.0;1;2.0;1;0.0;1.0;1288.0
0;2;24;2.0;9.0;11328;1;3;2;2.0;1.0;3;3;29;1;1.0;2;3.0;1;1.0;0.0;5664.0
0;4;21;0.0;0.0;5003;5;3;1;1.0;0.0;4;2;29;1;1.0;2;2.0;1;1.0;0.0;1250.75
1;4;18;4.0;3.0;1098;1;1;4;1.0;0.0;4;3;65;3;1.0;2;0.0;1;0.0;0.0;274.5
0;1;60;3.0;8.0;6836;1;5;3;2.0;0.0;4;4;63;3;1.0;2;2.0;1;1.0;0.0;6836.0
1;4;12;4.0;0.0;1495;1;5;4;2.0;0.0;1;1;38;3;1.0;2;1.0;2;0.0;0.0;373.75
1;2;10;2.0;0.0;7308;1;1;2;2.0;0.0;4;4;70;1;2.0;1;3.0;1;1.0;0.0;3654.0
1;2;6;2.0;3.0;368;5;5;4;2.0;0.0;4;2;38;3;1.0;1;2.0;1;0.0;0.0;184.0
1;4;36;2.0;3.0;3595;1;5;4;2.0;0.0;2;3;28;3;1.0;1;2.0;1;0.0;0.0;898.75
1;4;9;4.0;3.0;3074;5;3;1;2.0;0.0;2;1;33;3;1.0;2;2.0;2;0.0;0.0;768.5
1;2;24;2.0;1.0;2760;5;5;4;2.0;0.0;4;4;36;1;2.0;1;2.0;1;1.0;0.0;1380.0
1;4;36;2.0;6.0;9055;5;3;2;2.0;0.0;4;4;35;3;2.0;1;1.0;2;1.0;0.0;2263.75
1;1;12;2.0;2.0;3590;1;3;2;2.0;1.0;2;2;29;3;1.0;1;1.0;2;0.0;0.0;3590.0
1;4;15;4.0;1.0;3368;4;5;3;2.0;0.0;4;4;23;3;0.0;2;2.0;1;1.0;0.0;842.0
0;1;36;4.0;1.0;9629;1;4;4;2.0;0.0;4;3;24;3;1.0;2;2.0;1;1.0;0.0;9629.0
1;3;10;2.0;2.0;1275;1;2;4;1.0;0.0;2;2;23;3;1.0;1;2.0;1;0.0;0.0;425.0
0;2;12;2.0;0.0;836;2;2;4;1.0;0.0;2;2;23;1;1.0;1;1.0;1;0.0;0.0;418.0
1;4;6;3.0;8.0;1743;2;3;1;2.0;0.0;2;1;34;3;1.0;2;1.0;1;0.0;0.0;435.75
1;4;12;4.0;3.0;522;3;5;4;2.0;0.0;4;2;42;3;1.0;2;2.0;2;1.0;0.0;130.5
1;3;12;1.0;3.0;409;4;3;3;1.0;0.0;3;1;42;3;0.0;2;2.0;1;0.0;0.0;136.33333333333334
0;2;24;0.0;8.0;4241;1;3;1;2.0;0.0;4;1;36;3;1.0;3;1.0;1;1.0;0.0;2120.5
1;1;36;4.0;2.0;2348;1;3;3;3.0;0.0;2;2;46;3;1.0;2;2.0;1;1.0;0.0;2348.0
0;2;36;2.0;2.0;9034;2;2;4;2.0;1.0;1;4;29;3;0.0;1;3.0;1;1.0;0.0;4517.0
1;2;12;2.0;0.0;2002;1;4;3;2.0;0.0;4;2;30;3;0.0;1;2.0;2;1.0;0.0;1001.0
0;1;24;2.0;0.0;3123;1;2;4;1.0;0.0;1;2;27;3;1.0;1;2.0;1;0.0;0.0;3123.0
1;4;12;2.0;8.0;1076;1;3;2;3.0;0.0;2;1;26;3;1.0;1;2.0;1;1.0;0.0;269.0
1;1;12;2.0;2.0;1262;5;5;2;0.0;0.0;4;2;49;3;1.0;1;1.0;1;1.0;0.0;1262.0
1;1;24;2.0;1.0;2964;5;5;4;2.0;0.0;4;4;49;1;2.0;1;2.0;2;1.0;0.0;2964.0
0;2;48;3.0;6.0;6224;1;5;4;2.0;0.0;4;4;50;3;2.0;1;2.0;1;0.0;0.0;3112.0
0;1;12;2.0;0.0;1274;1;2;3;1.0;0.0;1;1;37;1;1.0;1;1.0;1;0.0;0.0;1274.0
1;2;20;0.0;1.0;6148;2;5;3;3.0;0.0;4;3;31;1;1.0;2;2.0;1;1.0;0.0;3074.0
1;2;6;2.0;3.0;590;1;2;3;3.0;0.0;3;1;26;3;1.0;1;1.0;1;0.0;1.0;295.0
1;1;12;4.0;0.0;2121;1;3;4;2.0;0.0;2;2;30;3;1.0;2;2.0;1;0.0;0.0;2121.0
0;1;28;2.0;0.0;4006;1;3;3;2.0;0.0;2;3;45;3;1.0;1;1.0;1;0.0;0.0;4006.0
1;4;24;4.0;0.0;1287;4;5;4;1.0;0.0;4;1;37;3;1.0;2;2.0;1;1.0;0.0;321.75
1;4;12;2.0;0.0;2390;5;5;4;2.0;0.0;3;3;50;3;1.0;1;2.0;1;1.0;0.0;597.5
1;4;15;4.0;3.0;1459;1;3;4;1.0;0.0;2;3;43;3;1.0;1;1.0;1;0.0;0.0;364.75
0;3;24;4.0;0.0;1344;5;4;4;2.0;0.0;2;1;37;1;1.0;2;1.0;2;0.0;0.0;448.0
1;1;48;2.0;1.0;4788;1;4;4;2.0;0.0;3;2;26;3;1.0;1;2.0;2;0.0;0.0;4788.0
1;4;9;4.0;2.0;2406;1;1;2;2.0;0.0;3;3;31;3;1.0;1;3.0;1;0.0;0.0;601.5
0;2;30;0.0;8.0;4280;2;3;4;1.0;0.0;4;3;26;3;0.0;2;1.0;1;0.0;0.0;2140.0
1;4;18;4.0;2.0;1817;1;3;4;1.0;0.0;2;4;28;3;1.0;2;2.0;1;0.0;0.0;454.25
1;2;24;2.0;2.0;3069;2;5;4;2.0;0.0;4;4;30;3;2.0;1;2.0;1;0.0;0.0;1534.5
1;3;9;2.0;3.0;1126;2;5;2;0.0;0.0;4;1;49;3;1.0;1;2.0;1;0.0;0.0;375.3333333333333
1;2;6;3.0;8.0;1449;2;5;1;0.0;0.0;2;3;31;1;1.0;2;2.0;2;0.0;0.0;724.5
1;2;27;2.0;8.0;2528;1;2;4;1.0;0.0;1;2;32;3;1.0;1;2.0;2;1.0;0.0;1264.0
1;2;6;2.0;3.0;2063;1;2;4;3.0;0.0;3;3;30;3;0.0;1;3.0;1;1.0;0.0;1031.5
1;4;30;4.0;3.0;2831;1;3;4;1.0;0.0;2;3;33;3;1.0;1;2.0;1;1.0;0.0;707.75
1;3;18;1.0;3.0;1445;5;4;4;2.0;0.0;4;3;49;1;1.0;1;1.0;1;0.0;0.0;481.6666666666667
1;1;27;4.0;8.0;2442;1;5;4;2.0;0.0;4;3;43;2;1.0;4;3.0;2;1.0;0.0;2442.0
1;4;18;4.0;3.0;1800;1;3;4;2.0;0.0;2;3;24;3;1.0;2;2.0;1;0.0;0.0;450.0
1;4;28;4.0;3.0;2743;1;5;4;2.0;0.0;2;3;29;3;1.0;2;2.0;1;0.0;0.0;685.75
0;2;12;2.0;0.0;1223;1;5;1;0.0;0.0;1;1;46;3;0.0;2;2.0;1;0.0;0.0;611.5
0;4;9;2.0;3.0;1478;1;4;4;2.0;0.0;2;3;22;3;1.0;1;2.0;1;0.0;0.0;369.5
0;1;18;1.0;2.0;1553;1;3;4;2.0;0.0;3;3;44;1;1.0;1;2.0;1;0.0;0.0;1553.0
0;2;24;2.0;1.0;11560;1;3;1;1.0;0.0;4;3;23;3;0.0;2;3.0;1;0.0;0.0;5780.0
0;1;36;4.0;6.0;8065;1;3;3;1.0;0.0;2;4;25;3;1.0;2;3.0;1;1.0;0.0;8065.0
1;4;24;4.0;3.0;2872;2;5;3;2.0;0.0;4;1;36;3;1.0;1;2.0;2;1.0;0.0;718.0
1;1;13;4.0;8.0;1797;1;2;3;2.0;0.0;1;2;28;1;1.0;2;1.0;1;0.0;0.0;1797.0
1;1;6;2.0;1.0;1352;3;1;1;1.0;0.0;2;2;23;3;0.0;1;0.0;1;1.0;0.0;1352.0
0;1;12;1.0;3.0;2149;1;3;4;0.0;0.0;1;4;29;3;2.0;1;2.0;1;0.0;0.0;2149.0
0;1;24;2.0;3.0;1823;1;1;4;2.0;0.0;2;3;30;2;1.0;1;3.0;2;0.0;0.0;1823.0
1;4;6;2.0;4.0;1338;3;3;1;0.0;0.0;4;1;62;3;1.0;1;2.0;1;0.0;0.0;334.5
0;1;36;1.0;2.0;2746;1;5;4;2.0;0.0;4;3;31;1;1.0;1;2.0;1;0.0;0.0;2746.0
1;4;10;2.0;0.0;1287;5;5;4;2.0;1.0;2;2;45;3;1.0;1;1.0;1;0.0;1.0;321.75
1;3;42;0.0;8.0;6289;1;2;2;0.0;0.0;1;2;33;3;1.0;2;2.0;1;0.0;0.0;2096.3333333333335
0;1;18;2.0;2.0;2462;1;3;2;2.0;0.0;2;3;22;3;1.0;1;2.0;1;0.0;0.0;2462.0
0;2;9;4.0;6.0;1136;4;5;4;2.0;0.0;3;4;32;3;2.0;2;2.0;2;0.0;0.0;568.0
0;2;18;0.0;0.0;2278;2;2;3;1.0;0.0;3;3;28;3;1.0;2;2.0;1;0.0;0.0;1139.0
0;1;48;4.0;1.0;6331;1;5;4;2.0;0.0;4;4;46;3;2.0;2;2.0;1;1.0;0.0;6331.0
1;1;24;4.0;1.0;6615;1;1;2;2.0;0.0;4;4;75;3;2.0;2;3.0;1;1.0;0.0;6615.0
0;2;24;1.0;6.0;1837;1;4;4;1.0;0.0;4;4;34;1;2.0;1;1.0;1;0.0;0.0;918.5
0;2;48;2.0;3.0;3060;1;4;4;2.0;0.0;4;1;28;3;1.0;2;2.0;1;0.0;0.0;1530.0
0;2;9;2.0;2.0;918;1;3;4;1.0;0.0;1;2;30;3;1.0;1;2.0;1;0.0;0.0;459.0
0;3;18;2.0;3.0;2100;1;3;4;2.0;1.0;2;1;37;3;1.0;1;2.0;1;0.0;0.0;700.0
1;1;6;2.0;0.0;1203;2;5;3;2.0;0.0;2;2;43;3;1.0;1;2.0;1;1.0;0.0;1203.0
1;4;36;2.0;0.0;909;3;5;4;2.0;0.0;4;2;36;3;1.0;1;2.0;1;0.0;0.0;227.25
0;4;9;2.0;2.0;1980;1;2;2;1.0;1.0;2;3;19;3;0.0;2;2.0;1;0.0;0.0;495.0
1;4;27;3.0;8.0;5117;1;4;3;2.0;0.0;4;3;26;3;1.0;2;2.0;1;0.0;0.0;1279.25
1;4;6;2.0;3.0;2108;1;4;2;3.0;0.0;2;1;29;3;0.0;1;2.0;1;0.0;0.0;527.0
1;2;12;4.0;0.0;2366;3;4;3;0.0;0.0;3;3;36;3;1.0;1;3.0;1;1.0;0.0;1183.0
1;1;12;2.0;0.0;1168;1;3;4;3.0;0.0;3;1;27;3;1.0;1;1.0;1;0.0;0.0;1168.0
1;4;39;2.0;1.0;8588;2;5;4;2.0;0.0;2;3;45;3;1.0;1;3.0;1;1.0;0.0;2147.0
0;2;24;2.0;0.0;1355;1;2;3;1.0;0.0;4;3;25;3;1.0;1;1.0;1;1.0;0.0;677.5
1;1;6;4.0;0.0;609;1;4;4;1.0;0.0;3;2;37;3;1.0;2;2.0;1;0.0;0.0;609.0
1;2;18;2.0;3.0;1301;1;5;4;3.0;2.0;2;1;32;3;1.0;1;1.0;1;0.0;0.0;650.5
1;1;6;2.0;4.0;343;1;2;4;1.0;0.0;1;1;27;3;1.0;1;2.0;1;0.0;0.0;343.0
0;4;18;3.0;8.0;2169;1;3;4;3.0;0.0;2;3;28;3;1.0;1;2.0;1;1.0;0.0;542.25
0;4;12;2.0;2.0;1123;3;3;4;1.0;0.0;4;3;29;3;0.0;1;1.0;1;0.0;0.0;280.75
1;1;30;2.0;1.0;3857;1;3;4;0.0;0.0;4;2;40;3;1.0;1;3.0;1;1.0;0.0;3857.0
0;4;24;2.0;3.0;2397;3;5;3;2.0;0.0;2;3;35;1;1.0;2;2.0;1;1.0;0.0;599.25
1;1;9;4.0;3.0;1138;1;3;4;2.0;0.0;4;1;25;3;1.0;2;1.0;1;0.0;0.0;1138.0
1;3;12;2.0;3.0;3016;1;3;3;3.0;0.0;1;3;24;3;1.0;1;2.0;1;0.0;0.0;1005.3333333333334
1;2;30;3.0;8.0;2503;2;5;4;2.0;0.0;2;2;41;2;1.0;2;2.0;1;0.0;0.0;1251.5
1;4;13;2.0;3.0;1409;2;1;2;1.0;0.0;4;1;64;3;1.0;1;2.0;1;0.0;0.0;352.25
0;2;27;2.0;8.0;3915;1;3;4;2.0;0.0;2;3;36;3;1.0;1;2.0;2;1.0;0.0;1957.5
1;4;48;4.0;6.0;6110;1;3;1;2.0;0.0;3;4;31;1;2.0;1;2.0;1;1.0;0.0;1527.5
1;3;18;2.0;0.0;1961;1;5;3;1.0;0.0;2;3;23;3;1.0;1;3.0;1;0.0;0.0;653.6666666666666
1;1;10;2.0;3.0;2315;1;5;3;2.0;0.0;4;1;52;3;1.0;1;1.0;1;0.0;0.0;2315.0
1;4;30;2.0;1.0;4811;5;4;2;1.0;0.0;4;2;24;2;0.0;1;1.0;1;0.0;0.0;1202.75
1;4;18;4.0;3.0;1582;4;5;4;2.0;0.0;4;3;46;3;1.0;2;2.0;1;0.0;0.0;395.5
1;1;24;2.0;2.0;4169;1;3;4;2.0;0.0;4;2;28;3;1.0;1;2.0;1;0.0;0.0;4169.0
1;4;12;2.0;1.0;4675;5;2;1;1.0;0.0;4;3;20;3;0.0;1;2.0;1;0.0;0.0;1168.75
0;1;12;0.0;5.0;1108;1;4;4;2.0;0.0;3;1;28;3;1.0;2;2.0;1;0.0;0.0;1108.0
1;4;42;4.0;2.0;4041;3;3;4;2.0;0.0;4;1;36;3;1.0;2;2.0;1;1.0;0.0;1010.25
1;1;18;2.0;2.0;2659;4;3;4;2.0;0.0;2;3;28;3;1.0;1;2.0;1;0.0;0.0;2659.0
0;4;48;4.0;1.0;11590;2;3;2;1.0;0.0;4;3;24;3;0.0;2;1.0;1;0.0;0.0;2897.5
0;2;9;1.0;1.0;5129;1;5;2;1.0;0.0;4;4;74;1;2.0;1;3.0;2;1.0;0.0;2564.5
1;4;36;2.0;8.0;7409;5;5;3;2.0;0.0;2;2;37;3;1.0;2;2.0;1;0.0;0.0;1852.25
1;3;10;4.0;0.0;781;1;5;4;2.0;0.0;4;4;63;3;2.0;2;2.0;1;1.0;0.0;260.3333333333333
1;4;6;4.0;3.0;1740;1;5;2;3.0;0.0;2;1;30;3;0.0;2;2.0;1;0.0;0.0;435.0
1;1;24;4.0;1.0;2957;1;5;4;2.0;0.0;4;2;63;3;1.0;2;2.0;1;1.0;0.0;2957.0
0;1;12;2.0;3.0;674;2;4;4;3.0;0.0;1;2;20;3;1.0;1;2.0;1;0.0;0.0;674.0
0;1;48;2.0;1.0;10297;1;4;4;2.0;0.0;4;4;39;3;2.0;3;2.0;2;1.0;0.0;10297.0
0;1;18;4.0;2.0;2124;1;3;4;1.0;0.0;4;1;24;3;0.0;2;2.0;1;0.0;0.0;2124.0
1;2;12;4.0;0.0;958;1;4;2;2.0;0.0;3;1;47;3;1.0;2;1.0;2;0.0;0.0;479.0
0;1;48;2.0;0.0;3931;1;4;4;2.0;0.0;4;4;46;3;2.0;1;2.0;2;0.0;0.0;3931.0
0;2;18;2.0;0.0;1042;5;3;4;1.0;0.0;2;2;33;3;1.0;1;2.0;1;0.0;0.0;521.0
1;1;36;2.0;9.0;15857;1;1;2;0.0;1.0;3;3;43;3;1.0;1;3.0;1;0.0;0.0;15857.0
0;2;30;3.0;3.0;1919;2;2;4;2.0;0.0;3;4;30;2;1.0;2;3.0;1;0.0;0.0;959.5
1;2;48;0.0;0.0;8358;3;2;1;1.0;0.0;1;3;30;3;1.0;2;2.0;1;0.0;0.0;4179.0
0;2;30;2.0;2.0;3441;2;3;2;1.0;1.0;4;3;21;1;0.0;1;2.0;1;0.0;0.0;1720.5
0;1;12;2.0;6.0;684;1;3;4;2.0;0.0;4;3;40;3;0.0;1;1.0;2;0.0;0.0;684.0
0;2;36;0.0;8.0;1953;1;5;4;2.0;0.0;4;4;61;3;2.0;1;3.0;1;1.0;0.0;976.5
1;1;12;2.0;0.0;3651;4;3;1;2.0;0.0;3;2;31;3;1.0;1;2.0;2;0.0;0.0;3651.0
1;4;18;2.0;8.0;1568;2;3;3;1.0;0.0;4;2;24;3;0.0;1;1.0;1;0.0;0.0;392.0
1;2;45;4.0;1.0;4576;2;1;3;2.0;0.0;4;3;27;3;1.0;1;2.0;1;0.0;0.0;2288.0
1;2;12;4.0;2.0;3617;1;5;1;2.0;0.0;4;3;28;3;0.0;3;2.0;1;1.0;0.0;1808.5
1;2;12;4.0;1.0;1860;1;1;4;2.0;0.0;2;3;34;3;1.0;2;3.0;1;1.0;0.0;930.0
1;1;6;4.0;0.0;860;1;5;1;1.0;0.0;4;4;39;3;1.0;2;2.0;1;1.0;0.0;860.0
0;2;9;2.0;3.0;1670;1;2;4;1.0;0.0;2;3;22;3;1.0;1;2.0;1;1.0;0.0;835.0
1;3;36;2.0;3.0;5848;1;3;4;2.0;0.0;1;3;24;3;1.0;1;2.0;1;0.0;0.0;1949.3333333333333
1;2;48;3.0;8.0;6681;5;3;4;2.0;0.0;4;4;38;3;2.0;1;2.0;2;1.0;0.0;3340.5
0;2;60;2.0;0.0;14027;1;4;4;2.0;0.0;2;4;27;3;1.0;1;3.0;1;1.0;0.0;7013.5
0;1;36;2.0;3.0;2302;1;3;4;0.0;0.0;4;3;31;3;0.0;1;2.0;1;0.0;0.0;2302.0
0;2;60;1.0;9.0;14782;2;5;3;1.0;0.0;4;4;60;1;2.0;2;3.0;1;1.0;0.0;7391.0
0;1;12;2.0;3.0;709;1;5;4;2.0;0.0;4;1;57;3;1.0;1;1.0;1;0.0;0.0;709.0
1;1;15;2.0;0.0;2511;1;1;1;1.0;0.0;4;3;23;3;0.0;1;2.0;1;0.0;0.0;2511.0
1;4;27;4.0;2.0;4526;4;2;4;2.0;0.0;2;1;32;2;1.0;2;1.0;2;1.0;0.0;1131.5
1;3;24;2.0;3.0;1377;2;5;4;1.0;0.0;2;4;47;3;2.0;1;2.0;1;1.0;0.0;459.0
1;4;15;4.0;3.0;1316;3;3;2;3.0;0.0;2;2;47;3;1.0;2;1.0;1;0.0;0.0;329.0
0;1;24;2.0;2.0;2996;5;3;2;3.0;0.0;4;3;20;3;1.0;1;2.0;1;0.0;0.0;2996.0
1;2;36;2.0;1.0;6948;1;3;2;2.0;0.0;2;3;35;3;0.0;1;3.0;1;1.0;0.0;3474.0
1;4;60;2.0;3.0;10144;2;4;2;1.0;0.0;4;1;21;3;1.0;1;2.0;1;1.0;0.0;2536.0
1;2;20;2.0;1.0;6468;5;1;1;0.0;0.0;4;1;60;3;1.0;1;3.0;1;1.0;0.0;3234.0
1;4;10;2.0;7.0;894;5;4;4;1.0;0.0;3;2;40;3;1.0;1;2.0;1;1.0;0.0;223.5
0;1;24;2.0;3.0;2439;1;2;4;1.0;0.0;4;1;35;3;1.0;1;2.0;1;1.0;0.0;2439.0
1;1;12;2.0;3.0;1107;1;3;2;2.0;0.0;2;1;20;3;0.0;1;3.0;2;1.0;0.0;1107.0
1;3;6;4.0;6.0;1047;1;3;2;1.0;0.0;4;2;50;3;1.0;1;1.0;1;0.0;0.0;349.0
0;3;30;3.0;8.0;1908;1;5;4;2.0;0.0;4;1;66;3;1.0;1;3.0;1;1.0;0.0;636.0
1;4;12;2.0;3.0;707;1;3;4;2.0;0.0;2;1;30;1;1.0;2;2.0;1;0.0;0.0;176.75
0;2;39;4.0;3.0;4933;1;4;2;2.0;2.0;2;1;25;3;1.0;2;2.0;1;0.0;0.0;2466.5
0;2;36;2.0;3.0;2671;2;3;4;1.0;1.0;4;4;50;3;2.0;1;2.0;1;0.0;0.0;1335.5
1;3;6;2.0;0.0;709;4;2;2;3.0;0.0;2;1;27;3;1.0;1;0.0;1;0.0;1.0;236.33333333333337
1;1;12;4.0;0.0;2171;1;3;4;2.0;0.0;4;2;38;1;1.0;2;1.0;1;0.0;1.0;2171.0
0;2;9;1.0;0.0;1437;2;4;2;2.0;0.0;3;4;29;3;1.0;1;2.0;1;0.0;0.0;718.5
1;1;24;4.0;1.0;6419;1;5;2;1.0;0.0;4;4;44;3;2.0;2;3.0;2;1.0;0.0;6419.0
0;2;48;0.0;8.0;14421;1;3;2;2.0;0.0;2;3;25;2;1.0;1;2.0;1;1.0;0.0;7210.5
1;1;12;2.0;2.0;1620;1;3;2;1.0;1.0;3;2;30;3;1.0;1;2.0;1;0.0;0.0;1620.0
1;2;15;2.0;5.0;1308;1;5;4;2.0;0.0;4;3;38;3;1.0;2;1.0;1;0.0;0.0;654.0
1;2;30;2.0;3.0;1715;5;3;4;1.0;0.0;1;3;26;3;1.0;1;2.0;1;0.0;0.0;857.5
1;2;18;2.0;1.0;2779;1;3;1;3.0;0.0;3;3;21;3;0.0;1;2.0;1;1.0;0.0;1389.5
1;2;15;4.0;3.0;1537;5;5;4;2.0;2.0;4;1;50;3;1.0;2;2.0;1;1.0;0.0;768.5
1;1;9;2.0;2.0;2136;1;3;3;2.0;0.0;2;1;25;3;1.0;1;2.0;1;0.0;0.0;2136.0
0;1;12;2.0;0.0;900;5;3;4;3.0;0.0;2;3;23;3;1.0;1;2.0;1;0.0;0.0;900.0
1;4;12;2.0;0.0;1884;1;5;4;2.0;0.0;4;3;39;3;1.0;1;3.0;1;1.0;0.0;471.0
1;2;30;1.0;2.0;3496;4;3;4;2.0;0.0;2;3;34;2;1.0;1;2.0;2;1.0;0.0;1748.0
1;4;15;2.0;1.0;4657;1;3;3;2.0;0.0;2;3;30;3;1.0;1;2.0;1;1.0;0.0;1164.25
1;4;6;2.0;3.0;1595;1;4;3;2.0;0.0;2;2;51;3;1.0;1;2.0;2;0.0;0.0;398.75
0;4;18;4.0;6.0;1864;2;3;4;1.0;0.0;2;1;30;3;1.0;2;2.0;1;0.0;0.0;466.0
1;4;36;4.0;0.0;6614;1;5;4;2.0;0.0;4;3;34;3;1.0;2;3.0;1;1.0;0.0;1653.5
0;4;15;2.0;6.0;4623;2;3;3;2.0;0.0;2;2;40;3;1.0;1;3.0;1;1.0;0.0;1155.75
0;4;12;2.0;0.0;1386;3;3;2;1.0;0.0;2;2;26;3;1.0;1;2.0;1;0.0;0.0;346.5
1;4;30;2.0;3.0;2333;3;5;4;2.0;0.0;2;3;30;1;1.0;1;3.0;1;0.0;0.0;583.25
1;4;10;2.0;0.0;1364;1;3;2;1.0;0.0;4;3;64;3;1.0;1;2.0;1;1.0;0.0;341.0
1;2;9;4.0;3.0;1154;1;5;2;2.0;0.0;4;1;37;3;1.0;3;1.0;1;0.0;0.0;577.0
0;1;18;2.0;2.0;2473;1;1;4;2.0;0.0;1;3;25;3;1.0;1;0.0;1;0.0;0.0;2473.0
1;4;24;2.0;3.0;1278;1;5;4;2.0;0.0;1;1;36;3;1.0;1;3.0;1;1.0;0.0;319.5
1;4;12;2.0;0.0;3527;5;2;2;2.0;0.0;3;2;45;3;1.0;1;3.0;2;1.0;0.0;881.75
0;1;18;2.0;4.0;1217;1;3;4;3.0;0.0;3;1;47;3;1.0;1;1.0;1;1.0;0.0;1217.0
1;2;15;2.0;5.0;1514;2;3;4;2.0;2.0;2;1;22;3;1.0;1;2.0;1;0.0;0.0;757.0
1;4;9;2.0;0.0;2507;3;5;2;2.0;0.0;4;4;51;3;2.0;1;1.0;1;0.0;0.0;626.75
1;4;18;4.0;3.0;1169;5;3;4;2.0;0.0;3;2;29;3;1.0;2;2.0;1;1.0;0.0;292.25
1;2;12;2.0;3.0;625;1;2;4;3.0;2.0;1;1;26;1;1.0;1;1.0;1;0.0;0.0;312.5
1;3;12;4.0;0.0;1480;3;1;2;2.0;0.0;4;4;66;1;2.0;3;0.0;1;0.0;0.0;493.3333333333333
0;1;36;4.0;2.0;6229;1;2;4;1.0;1.0;4;4;23;3;0.0;2;1.0;1;1.0;0.0;6229.0
1;4;12;4.0;0.0;926;1;1;1;1.0;0.0;2;2;38;3;1.0;1;0.0;1;0.0;0.0;231.5
1;2;6;4.0;7.0;932;5;4;1;1.0;0.0;3;2;39;3;1.0;2;1.0;1;0.0;0.0;466.0
1;4;48;4.0;3.0;3578;5;5;4;2.0;0.0;1;1;47;3;1.0;1;2.0;1;1.0;0.0;894.5
1;4;24;2.0;3.0;999;5;5;4;2.0;0.0;2;3;25;3;1.0;2;2.0;1;0.0;0.0;249.75
1;4;48;3.0;3.0;7238;5;5;3;2.0;0.0;3;3;32;1;1.0;2;2.0;2;0.0;0.0;1809.5
1;4;18;2.0;0.0;1820;1;3;2;3.0;0.0;2;2;30;3;1.0;1;3.0;1;1.0;0.0;455.0
0;2;48;0.0;9.0;18424;1;3;1;1.0;0.0;2;2;32;1;1.0;1;3.0;1;1.0;1.0;9212.0
0;4;36;2.0;2.0;3349;1;3;4;1.0;0.0;2;3;28;3;1.0;1;3.0;1;1.0;0.0;837.25
0;4;18;1.0;0.0;6458;1;5;2;2.0;0.0;4;4;39;1;1.0;2;3.0;2;1.0;0.0;1614.5
0;2;54;0.0;8.0;15945;1;2;3;2.0;0.0;4;4;58;3;0.0;1;2.0;1;1.0;0.0;7972.5
1;1;12;3.0;0.0;1344;1;3;4;2.0;0.0;2;1;43;3;1.0;2;1.0;2;0.0;0.0;1344.0
0;4;18;2.0;5.0;1943;1;2;4;1.0;0.0;4;1;23;3;1.0;1;2.0;1;0.0;0.0;485.75
1;1;18;2.0;3.0;1936;5;4;2;3.0;0.0;4;3;23;3;0.0;2;1.0;1;0.0;0.0;1936.0
1;1;12;2.0;3.0;1498;1;3;4;1.0;0.0;1;3;23;1;1.0;1;2.0;1;0.0;0.0;1498.0
1;4;12;4.0;5.0;996;5;4;4;1.0;0.0;4;1;23;3;1.0;2;2.0;1;0.0;0.0;249.0
1;1;18;0.0;8.0;3104;1;4;3;2.0;0.0;1;2;31;1;1.0;1;2.0;1;1.0;0.0;3104.0
1;4;30;4.0;3.0;6742;5;4;2;2.0;0.0;3;2;36;3;1.0;2;2.0;1;0.0;0.0;1685.5
1;4;24;2.0;3.0;3430;3;5;3;2.0;0.0;2;3;31;3;1.0;1;2.0;2;1.0;0.0;857.5
0;2;60;2.0;6.0;6288;1;3;4;2.0;0.0;4;4;42;3;2.0;1;2.0;1;0.0;0.0;3144.0
1;4;10;2.0;1.0;2901;5;2;1;1.0;0.0;4;1;31;3;0.0;1;2.0;1;0.0;0.0;725.25
0;3;15;2.0;3.0;2327;1;2;2;1.0;0.0;3;1;25;3;1.0;1;1.0;1;0.0;0.0;775.6666666666666
1;4;9;4.0;0.0;1224;1;3;3;2.0;0.0;1;1;30;3;1.0;2;2.0;1;0.0;0.0;306.0
0;1;9;2.0;3.0;1366;1;2;3;1.0;0.0;4;2;22;3;0.0;1;2.0;1;0.0;0.0;1366.0
1;1;10;4.0;0.0;1038;1;4;4;2.0;1.0;3;2;49;3;1.0;2;2.0;1;1.0;0.0;1038.0
1;2;9;2.0;6.0;1199;1;4;4;1.0;0.0;4;2;67;3;1.0;2;3.0;1;1.0;0.0;599.5
0;2;72;2.0;3.0;5595;2;3;2;3.0;0.0;2;3;24;3;1.0;1;2.0;1;0.0;0.0;2797.5
1;1;24;2.0;2.0;4020;1;3;2;2.0;0.0;2;3;27;2;1.0;1;2.0;1;0.0;0.0;4020.0
1;4;36;2.0;1.0;8133;1;3;1;1.0;0.0;2;2;30;1;1.0;1;2.0;1;0.0;0.0;2033.25
1;2;36;4.0;1.0;5800;1;3;3;2.0;0.0;4;3;34;3;1.0;2;2.0;1;1.0;0.0;2900.0
1;2;18;3.0;5.0;6204;1;3;2;2.0;0.0;4;1;44;3;1.0;1;1.0;2;1.0;0.0;3102.0
1;4;21;2.0;0.0;2782;3;4;1;1.0;0.0;2;3;31;1;1.0;1;3.0;1;0.0;0.0;695.5
1;2;18;4.0;2.0;7374;1;1;4;2.0;0.0;4;2;40;2;1.0;2;3.0;1;1.0;0.0;3687.0
1;2;60;3.0;3.0;7418;5;3;1;2.0;0.0;1;1;27;3;1.0;1;1.0;1;0.0;0.0;3709.0
0;1;24;2.0;0.0;2303;1;5;4;2.0;1.0;1;1;45;3;1.0;1;2.0;1;0.0;0.0;2303.0
0;4;18;3.0;2.0;1808;1;4;4;1.0;0.0;1;1;22;3;1.0;1;2.0;1;0.0;0.0;452.0
0;2;12;2.0;3.0;1534;1;2;1;3.0;0.0;1;1;23;3;0.0;1;2.0;1;0.0;0.0;767.0
1;4;15;1.0;3.0;1569;2;5;4;2.0;0.0;4;3;34;1;1.0;1;1.0;2;0.0;0.0;392.25
1;4;28;1.0;1.0;7824;5;2;3;2.0;2.0;4;1;40;1;0.0;2;2.0;2;1.0;0.0;1956.0
1;3;24;4.0;8.0;1275;4;3;2;0.0;0.0;4;1;36;3;1.0;2;2.0;1;1.0;0.0;425.0
1;4;33;3.0;8.0;2764;1;3;2;1.0;0.0;2;3;26;3;1.0;2;2.0;1;1.0;0.0;691.0
1;2;60;3.0;3.0;9157;5;3;2;2.0;0.0;2;4;27;3;2.0;1;3.0;1;0.0;0.0;4578.5
1;2;12;2.0;8.0;1037;2;4;3;2.0;0.0;4;1;39;3;1.0;1;1.0;1;0.0;0.0;518.5
1;1;18;3.0;6.0;8471;5;3;1;1.0;0.0;2;3;23;3;0.0;2;2.0;1;1.0;0.0;8471.0
1;4;18;2.0;2.0;3422;1;5;4;2.0;0.0;4;2;47;1;1.0;3;2.0;2;1.0;0.0;855.5
0;1;36;3.0;6.0;6887;1;3;4;2.0;0.0;3;2;29;2;1.0;1;2.0;1;1.0;0.0;6887.0
0;1;9;2.0;0.0;1422;1;2;3;2.0;0.0;2;4;27;3;2.0;1;3.0;1;1.0;0.0;1422.0
1;4;24;2.0;0.0;1393;1;3;2;2.0;2.0;2;1;31;3;1.0;1;2.0;1;1.0;0.0;348.25
1;2;24;3.0;3.0;1553;2;4;3;1.0;0.0;2;2;23;3;0.0;2;2.0;1;1.0;0.0;776.5
1;1;24;2.0;1.0;2812;5;5;2;1.0;0.0;4;1;26;3;0.0;1;2.0;1;0.0;0.0;2812.0
1;1;9;4.0;0.0;2799;1;3;2;2.0;0.0;2;1;36;3;0.0;2;2.0;2;0.0;0.0;2799.0
0;2;18;4.0;0.0;884;1;5;4;2.0;0.0;4;3;36;3;1.0;1;2.0;2;1.0;0.0;442.0
0;2;48;4.0;2.0;5096;1;3;2;1.0;0.0;3;3;30;3;1.0;1;3.0;1;1.0;0.0;2548.0
1;4;18;4.0;1.0;3850;1;4;3;2.0;0.0;1;3;27;3;1.0;2;2.0;1;0.0;0.0;962.5
1;4;24;4.0;0.0;2022;1;3;4;1.0;0.0;4;3;37;3;1.0;1;2.0;1;1.0;0.0;505.5
1;2;18;2.0;8.0;4439;1;5;1;2.0;1.0;1;1;33;1;1.0;1;3.0;1;1.0;0.0;2219.5
1;1;15;2.0;0.0;1721;1;2;2;2.0;0.0;3;1;36;3;1.0;1;2.0;1;0.0;0.0;1721.0
0;1;36;2.0;0.0;1842;1;2;4;1.0;0.0;4;3;34;3;1.0;1;2.0;1;1.0;0.0;1842.0
1;4;24;4.0;2.0;5150;1;5;4;2.0;0.0;4;3;33;3;1.0;1;2.0;1;1.0;0.0;1287.5
0;2;9;4.0;6.0;1501;1;5;2;1.0;0.0;3;3;34;3;1.0;2;3.0;1;1.0;0.0;750.5
1;1;14;2.0;0.0;3973;1;1;1;2.0;0.0;4;4;22;3;2.0;1;2.0;1;0.0;0.0;3973.0
1;3;24;2.0;3.0;1258;3;3;3;1.0;0.0;3;3;57;3;1.0;1;1.0;1;0.0;0.0;419.3333333333333
1;2;30;2.0;3.0;2991;5;5;2;1.0;0.0;4;3;25;3;1.0;1;2.0;1;0.0;0.0;1495.5
1;4;12;2.0;1.0;1413;4;4;3;2.0;0.0;2;2;55;3;1.0;1;2.0;1;0.0;1.0;353.25
0;4;27;2.0;0.0;2570;1;3;3;1.0;0.0;3;1;21;3;0.0;1;2.0;1;0.0;0.0;642.5
1;4;30;3.0;8.0;4272;2;3;2;2.0;0.0;2;2;26;3;1.0;2;1.0;1;0.0;0.0;1068.0
1;4;10;2.0;3.0;1924;1;3;1;2.0;0.0;4;2;38;3;1.0;1;2.0;1;1.0;1.0;481.0
0;2;18;3.0;2.0;4297;1;5;4;0.0;0.0;3;4;40;3;1.0;1;3.0;1;1.0;0.0;2148.5
1;4;60;2.0;0.0;10366;1;5;2;2.0;0.0;4;2;42;3;1.0;1;3.0;1;1.0;0.0;2591.5
1;2;48;3.0;9.0;7582;2;1;2;2.0;0.0;4;4;31;3;1.0;1;3.0;1;1.0;0.0;3791.0
1;4;15;2.0;1.0;1300;5;5;4;2.0;0.0;4;4;45;1;2.0;1;2.0;2;0.0;0.0;325.0
0;1;36;2.0;1.0;8229;1;3;2;2.0;0.0;2;2;26;3;1.0;1;2.0;2;0.0;0.0;8229.0
1;4;24;2.0;0.0;7393;1;3;1;2.0;0.0;4;2;43;3;1.0;1;1.0;2;0.0;0.0;1848.25
1;4;24;2.0;2.0;2835;3;5;3;2.0;0.0;4;2;53;3;1.0;1;2.0;1;0.0;0.0;708.75
1;4;30;4.0;3.0;5771;1;4;4;1.0;0.0;2;3;25;3;1.0;2;2.0;1;0.0;0.0;1442.75
0;1;36;2.0;6.0;1977;5;5;4;2.0;0.0;4;4;40;3;1.0;1;3.0;1;1.0;0.0;1977.0
0;1;18;2.0;1.0;7511;5;5;1;2.0;0.0;4;2;51;3;2.0;1;2.0;2;1.0;0.0;7511.0
1;4;24;4.0;3.0;2223;2;5;4;2.0;0.0;4;2;52;1;1.0;2;2.0;1;0.0;0.0;555.75
0;2;8;2.0;2.0;1237;1;3;3;1.0;0.0;4;1;24;3;1.0;1;2.0;1;0.0;0.0;618.5
1;4;12;4.0;2.0;1592;4;4;3;1.0;0.0;2;2;35;3;1.0;1;2.0;1;0.0;0.0;398.0
0;2;24;2.0;3.0;2039;1;2;1;3.0;0.0;1;2;22;3;1.0;1;2.0;1;1.0;0.0;1019.5
1;4;24;2.0;1.0;7814;1;4;3;2.0;0.0;3;3;38;3;1.0;1;3.0;1;1.0;0.0;1953.5
0;4;36;3.0;3.0;4463;1;3;4;2.0;0.0;2;3;26;3;1.0;2;3.0;1;1.0;0.0;1115.75
1;4;18;4.0;3.0;629;3;5;4;2.0;0.0;3;2;32;1;1.0;2;3.0;1;1.0;0.0;157.25
1;2;36;3.0;8.0;9857;2;4;1;2.0;0.0;3;2;31;3;1.0;2;1.0;2;1.0;0.0;4928.5
0;2;30;4.0;0.0;4249;1;1;4;3.0;0.0;2;3;28;3;1.0;2;3.0;1;0.0;0.0;2124.5
0;2;60;2.0;0.0;7408;2;2;4;1.0;0.0;2;2;24;3;1.0;1;3.0;1;0.0;0.0;3704.0
1;2;10;2.0;2.0;1521;1;3;4;0.0;0.0;2;3;31;3;1.0;1;1.0;1;0.0;0.0;760.5
1;3;21;2.0;0.0;2923;2;3;1;1.0;0.0;1;3;28;1;1.0;1;3.0;1;1.0;0.0;974.3333333333334
0;2;36;2.0;0.0;14318;1;5;4;2.0;0.0;2;4;57;3;2.0;1;3.0;1;1.0;0.0;7159.0
1;1;24;4.0;3.0;1231;4;5;4;1.0;0.0;4;2;57;3;0.0;2;3.0;1;1.0;0.0;1231.0
1;4;24;2.0;7.0;937;1;2;4;3.0;0.0;3;3;27;3;1.0;2;1.0;1;0.0;0.0;234.25
1;2;12;2.0;3.0;1155;1;5;3;3.0;2.0;3;1;40;1;1.0;2;1.0;1;0.0;0.0;577.5
1;4;6;4.0;0.0;2080;3;3;1;3.0;0.0;2;3;24;3;1.0;1;2.0;1;0.0;0.0;520.0
1;4;21;2.0;3.0;3160;5;5;4;2.0;0.0;3;2;41;3;1.0;1;2.0;1;1.0;0.0;790.0
1;3;36;2.0;3.0;4473;1;5;4;2.0;0.0;2;3;31;3;1.0;1;2.0;1;0.0;0.0;1491.0
1;4;20;4.0;0.0;3485;5;2;2;0.0;0.0;4;1;44;3;1.0;2;2.0;1;1.0;0.0;871.25
0;1;24;1.0;2.0;3349;3;2;4;2.0;0.0;4;4;30;3;2.0;1;2.0;2;1.0;0.0;3349.0
1;4;24;4.0;5.0;5507;1;5;3;2.0;0.0;4;4;44;3;2.0;2;2.0;1;0.0;0.0;1376.75
1;4;12;2.0;3.0;804;1;5;4;2.0;0.0;4;3;38;3;1.0;1;2.0;1;0.0;0.0;201.0
1;2;12;4.0;0.0;3124;1;2;1;2.0;0.0;3;1;49;1;1.0;2;1.0;2;0.0;0.0;1562.0
1;2;24;2.0;0.0;1201;1;2;4;2.0;0.0;1;2;26;3;1.0;1;2.0;1;0.0;0.0;600.5
1;4;12;2.0;1.0;2445;5;2;2;3.0;0.0;4;3;26;3;0.0;1;2.0;1;1.0;0.0;611.25
1;4;12;4.0;3.0;1291;1;3;4;1.0;0.0;2;2;35;3;1.0;2;2.0;1;0.0;0.0;322.75
1;4;15;2.0;3.0;3568;1;5;4;1.0;0.0;2;3;54;1;0.0;1;3.0;1;1.0;0.0;892.0
0;1;18;4.0;5.0;1190;1;1;2;1.0;0.0;4;4;55;3;2.0;3;0.0;2;0.0;0.0;1190.0
1;2;36;2.0;6.0;3711;5;3;2;3.0;0.0;2;3;27;3;1.0;1;2.0;1;0.0;0.0;1855.5
1;2;9;2.0;3.0;458;1;3;4;2.0;0.0;3;1;24;3;1.0;1;2.0;1;0.0;0.0;229.0
0;1;24;2.0;0.0;1207;1;2;4;1.0;0.0;4;2;24;3;0.0;1;2.0;1;0.0;0.0;1207.0
1;4;24;3.0;8.0;2375;3;3;4;2.0;0.0;2;3;44;3;1.0;2;2.0;2;1.0;0.0;593.75
1;4;12;4.0;2.0;3331;1;5;2;2.0;0.0;4;2;42;2;1.0;1;2.0;1;0.0;0.0;832.75
1;4;9;2.0;0.0;3577;2;3;1;2.0;2.0;2;1;26;3;0.0;1;2.0;2;0.0;1.0;894.25
0;1;15;2.0;4.0;1275;5;3;4;1.0;0.0;2;3;24;3;0.0;1;2.0;1;0.0;0.0;1275.0
1;1;21;2.0;3.0;2606;1;2;4;1.0;0.0;4;2;28;3;0.0;1;3.0;1;1.0;0.0;2606.0
1;2;12;2.0;3.0;1103;1;4;4;2.0;2.0;3;1;29;3;1.0;2;2.0;1;0.0;0.0;551.5
1;3;24;2.0;2.0;1925;1;3;2;2.0;0.0;2;1;26;3;1.0;1;2.0;1;0.0;0.0;641.6666666666666
1;2;6;2.0;3.0;1068;1;5;4;2.0;0.0;4;3;28;3;1.0;1;2.0;2;0.0;0.0;534.0
0;4;36;4.0;0.0;7855;1;3;4;1.0;0.0;2;1;25;2;1.0;2;2.0;1;1.0;0.0;1963.75
1;2;42;4.0;8.0;5954;1;4;2;1.0;0.0;1;1;41;1;1.0;2;1.0;1;0.0;0.0;2977.0
1;2;24;4.0;1.0;7758;4;5;2;1.0;0.0;4;4;29;3;0.0;1;2.0;1;0.0;0.0;3879.0
1;4;36;3.0;3.0;4454;1;3;4;1.0;0.0;4;1;34;3;1.0;2;2.0;1;0.0;0.0;1113.5
1;2;24;3.0;2.0;2333;5;2;4;2.0;0.0;2;2;29;1;1.0;1;1.0;1;0.0;0.0;1166.5
1;4;24;4.0;6.0;1927;5;3;3;1.0;0.0;2;3;33;3;1.0;2;2.0;1;1.0;0.0;481.75
1;2;9;2.0;0.0;1549;5;2;4;2.0;0.0;2;1;35;3;1.0;1;0.0;1;0.0;0.0;774.5
1;2;12;2.0;1.0;2028;5;3;4;2.0;0.0;2;3;30;3;1.0;1;2.0;1;0.0;0.0;1014.0
1;4;36;4.0;1.0;5842;1;5;2;2.0;0.0;2;2;35;3;1.0;2;2.0;2;1.0;0.0;1460.5
1;1;24;2.0;1.0;6579;1;1;4;2.0;0.0;2;4;29;3;2.0;1;3.0;1;1.0;0.0;6579.0
1;1;6;4.0;0.0;3676;1;3;1;2.0;0.0;3;1;37;3;0.0;3;2.0;2;0.0;0.0;3676.0
0;1;36;2.0;1.0;8335;5;5;3;2.0;0.0;4;4;47;3;2.0;1;2.0;1;0.0;0.0;8335.0
1;4;30;2.0;3.0;1867;5;5;4;2.0;0.0;4;3;58;3;1.0;1;2.0;1;1.0;0.0;466.75
1;4;12;4.0;8.0;1412;1;3;4;1.0;2.0;2;1;29;3;1.0;2;3.0;1;1.0;0.0;353.0
1;4;6;2.0;1.0;1236;3;3;2;2.0;0.0;4;2;50;3;0.0;1;2.0;1;0.0;0.0;309.0
0;4;48;2.0;8.0;3914;5;3;4;0.0;0.0;2;1;38;1;1.0;1;2.0;1;0.0;0.0;978.5
1;4;7;3.0;3.0;846;5;5;3;2.0;0.0;4;4;36;3;2.0;1;2.0;1;0.0;0.0;211.5
1;2;24;3.0;8.0;4712;5;3;4;2.0;0.0;2;2;34;1;1.0;2;3.0;1;1.0;0.0;2356.0
